-- =====================================================
-- NILE CENTER PHARMACY SYSTEM - COMPLETE TEST DATA
-- Generated: 2026-06-28
-- Purpose: Comprehensive test data covering all scenarios
-- =====================================================

SET NAMES utf8mb4;
SET FOREIGN_KEY_CHECKS = 0;

-- =====================================================
-- 1. PRODUCT CATEGORIES (30 categories)
-- =====================================================
INSERT INTO `product_categories` (`id`, `category_name_ar`, `category_name_en`, `is_active`, `created_at`) VALUES
(1, 'أدوية السكري', 'Diabetes Medicines', 1, '2026-06-20 10:00:00'),
(2, 'أدوية القلب', 'Heart Medicines', 1, '2026-06-20 10:00:00'),
(3, 'أدوية الضغط', 'Blood Pressure Medicines', 1, '2026-06-20 10:00:00'),
(4, 'المضادات الحيوية', 'Antibiotics', 1, '2026-06-20 10:00:00'),
(5, 'أدوية الألم', 'Pain Relief', 1, '2026-06-20 10:00:00'),
(6, 'فيتامينات', 'Vitamins', 1, '2026-06-20 10:00:00'),
(7, 'مستحضرات تجميل', 'Cosmetics', 1, '2026-06-20 10:00:00'),
(8, 'مستلزمات طبية', 'Medical Supplies', 1, '2026-06-20 10:00:00'),
(9, 'أدوية الأطفال', 'Children Medicines', 1, '2026-06-20 10:00:00'),
(10, 'أدوية الجهاز الهضمي', 'Digestive Medicines', 1, '2026-06-20 10:00:00'),
(11, 'أدوية الجهاز التنفسي', 'Respiratory Medicines', 1, '2026-06-20 10:00:00'),
(12, 'أدوية الجلد', 'Skin Medicines', 1, '2026-06-20 10:00:00'),
(13, 'أدوية العيون', 'Eye Medicines', 1, '2026-06-20 10:00:00'),
(14, 'أدوية الأذن', 'Ear Medicines', 1, '2026-06-20 10:00:00'),
(15, 'أدوية المناعة', 'Immunity Medicines', 1, '2026-06-20 10:00:00'),
(16, 'مميعات الدم', 'Blood Thinners', 1, '2026-06-20 10:00:00'),
(17, 'أدوية الكوليسترول', 'Cholesterol Medicines', 1, '2026-06-20 10:00:00'),
(18, 'أدوية الغدة الدرقية', 'Thyroid Medicines', 1, '2026-06-20 10:00:00'),
(19, 'أدوية النفسية', 'Psychiatric Medicines', 1, '2026-06-20 10:00:00'),
(20, 'أدوية العظام', 'Bone Medicines', 1, '2026-06-20 10:00:00'),
(21, 'أدوية السرطان', 'Cancer Medicines', 1, '2026-06-20 10:00:00'),
(22, 'أدوية الفيروسات', 'Antiviral Medicines', 1, '2026-06-20 10:00:00'),
(23, 'أدوية الفطريات', 'Antifungal Medicines', 1, '2026-06-20 10:00:00'),
(24, 'أدوية الالتهابات', 'Anti-inflammatory', 1, '2026-06-20 10:00:00'),
(25, 'مكملات غذائية', 'Supplements', 1, '2026-06-20 10:00:00'),
(26, 'منتجات العناية الشخصية', 'Personal Care', 1, '2026-06-20 10:00:00'),
(27, 'منتجات الأم والطفل', 'Mother & Baby', 1, '2026-06-20 10:00:00'),
(28, 'أجهزة قياس', 'Measuring Devices', 1, '2026-06-20 10:00:00'),
(29, 'أدوات جراحية', 'Surgical Tools', 1, '2026-06-20 10:00:00'),
(30, 'مواد تعقيم', 'Sterilization Materials', 1, '2026-06-20 10:00:00')
ON DUPLICATE KEY UPDATE category_name_ar=VALUES(category_name_ar);

-- =====================================================
-- 2. PRODUCT COMPANIES (30 companies)
-- =====================================================
INSERT INTO `product_companies` (`id`, `company_name_ar`, `company_name_en`, `is_active`, `created_at`) VALUES
(1, 'نوفو نورديسك', 'Novo Nordisk', 1, '2026-06-20 10:00:00'),
(2, 'أبفى', 'AbbVie', 1, '2026-06-20 10:00:00'),
(3, 'بريستول مايرز سكويب', 'Bristol Myers Squibb', 1, '2026-06-20 10:00:00'),
(4, 'فايزر', 'Pfizer', 1, '2026-06-20 10:00:00'),
(5, 'روش', 'Roche', 1, '2026-06-20 10:00:00'),
(6, 'نوفارتس', 'Novartis', 1, '2026-06-20 10:00:00'),
(7, 'سانوفي', 'Sanofi', 1, '2026-06-20 10:00:00'),
(8, 'أسترازينيكا', 'AstraZeneca', 1, '2026-06-20 10:00:00'),
(9, 'جلاكسو سميث كلاين', 'GSK', 1, '2026-06-20 10:00:00'),
(10, 'مرك', 'Merck', 1, '2026-06-20 10:00:00'),
(11, 'جونسون آند جونسون', 'Johnson & Johnson', 1, '2026-06-20 10:00:00'),
(12, 'إيلي ليلي', 'Eli Lilly', 1, '2026-06-20 10:00:00'),
(13, 'أميجن', 'Amgen', 1, '2026-06-20 10:00:00'),
(14, 'باير', 'Bayer', 1, '2026-06-20 10:00:00'),
(15, 'سانوفي باستور', 'Sanofi Pasteur', 1, '2026-06-20 10:00:00'),
(16, 'تيكا فارما', 'Teva Pharma', 1, '2026-06-20 10:00:00'),
(17, 'Mylan', 'Mylan', 1, '2026-06-20 10:00:00'),
(18, 'سيرفير', 'Servier', 1, '2026-06-20 10:00:00'),
(19, 'بوهرنجر إنجلهايم', 'Boehringer Ingelheim', 1, '2026-06-20 10:00:00'),
(20, 'أوفيتو', 'Aveto', 1, '2026-06-20 10:00:00'),
(21, 'مينافارما', 'Minapharma', 1, '2026-06-20 10:00:00'),
(22, 'القاهرة للأدوية', 'Cairo Pharma', 1, '2026-06-20 10:00:00'),
(23, 'النصر للأدوية', 'El Nasr Pharma', 1, '2026-06-20 10:00:00'),
(24, 'الشرقية للأدوية', 'Eastern Pharma', 1, '2026-06-20 10:00:00'),
(25, 'المهن للأدوية', 'El Mohandes Pharma', 1, '2026-06-20 10:00:00'),
(26, 'أمون', 'Amoun', 1, '2026-06-20 10:00:00'),
(27, 'سبيمو', 'Spimaco', 1, '2026-06-20 10:00:00'),
(28, 'العربية للأدوية', 'Arab Pharma', 1, '2026-06-20 10:00:00'),
(29, 'فاركو', 'Pharco', 1, '2026-06-20 10:00:00'),
(30, 'إيفا فارما', 'Eva Pharma', 1, '2026-06-20 10:00:00')
ON DUPLICATE KEY UPDATE company_name_ar=VALUES(company_name_ar);

-- =====================================================
-- 3. PRODUCT UNITS (20 units)
-- =====================================================
INSERT INTO `product_units` (`id`, `unit_code`, `unit_name_ar`, `unit_name_en`, `is_active`, `source`, `created_at`) VALUES
(1, 'TAB', 'قرص', 'Tablet', 1, 'manual', '2026-06-20 10:00:00'),
(2, 'CAP', 'كبسولة', 'Capsule', 1, 'manual', '2026-06-20 10:00:00'),
(3, 'AMP', 'أمبول', 'Ampoule', 1, 'manual', '2026-06-20 10:00:00'),
(4, 'VIAL', 'فيال', 'Vial', 1, 'manual', '2026-06-20 10:00:00'),
(5, 'BOTTLE', 'زجاجة', 'Bottle', 1, 'manual', '2026-06-20 10:00:00'),
(6, 'TUBE', 'أنبوبة', 'Tube', 1, 'manual', '2026-06-20 10:00:00'),
(7, 'BOX', 'علبة', 'Box', 1, 'manual', '2026-06-20 10:00:00'),
(8, 'STRIP', 'شريط', 'Strip', 1, 'manual', '2026-06-20 10:00:00'),
(9, 'PACK', 'عبوة', 'Pack', 1, 'manual', '2026-06-20 10:00:00'),
(10, 'SACHET', 'كيس', 'Sachet', 1, 'manual', '2026-06-20 10:00:00'),
(11, 'SYRUP', 'شراب', 'Syrup', 1, 'manual', '2026-06-20 10:00:00'),
(12, 'CREAM', 'كريم', 'Cream', 1, 'manual', '2026-06-20 10:00:00'),
(13, 'OINT', 'مرهم', 'Ointment', 1, 'manual', '2026-06-20 10:00:00'),
(14, 'DROP', 'قطرة', 'Drops', 1, 'manual', '2026-06-20 10:00:00'),
(15, 'INHALER', 'بخاخ', 'Inhaler', 1, 'manual', '2026-06-20 10:00:00'),
(16, 'PEN', 'قلم', 'Pen', 1, 'manual', '2026-06-20 10:00:00'),
(17, 'PATCH', 'لاصقة', 'Patch', 1, 'manual', '2026-06-20 10:00:00'),
(18, 'SUPPO', 'تحميلة', 'Suppository', 1, 'manual', '2026-06-20 10:00:00'),
(19, 'SUSP', 'معالق', 'Suspension', 1, 'manual', '2026-06-20 10:00:00'),
(20, 'GEL', 'جل', 'Gel', 1, 'manual', '2026-06-20 10:00:00')
ON DUPLICATE KEY UPDATE unit_name_ar=VALUES(unit_name_ar);



-- =====================================================
-- 4. PRODUCTS (100+ products covering all types)
-- =====================================================
INSERT INTO `products` (`id`, `product_code`, `product_name`, `product_name_en`, `scientific_name`, `product_type_id`, `is_service`, `hide_in_receipt`, `is_shortage`, `max_stock`, `min_stock`, `reorder_point`, `category`, `manufacturer`, `category_id`, `company_id`, `sell_price`, `unit2_sell_price`, `unit3_sell_price`, `has_expire`, `is_drug`, `can_be_negative`, `is_made`, `print_barcode`, `barcode_type`, `group_id`, `cost_price`, `is_imported`, `notes`, `print_internal_barcode`, `allow_discount`, `max_discount`, `unit1_id`, `unit2_id`, `unit3_id`, `unit1_to_unit2`, `unit1_to_unit3`, `default_sale_unit`, `is_active`, `created_at`, `updated_at`, `source`, `estock_id`, `manual_code`) VALUES
-- Diabetes (product_type_id=1, drug)
(9, '9', 'إنسولين نوفورابيد 100 وحدة', 'Insulin Novorapid 100IU', 'Insulin Aspart', 1, 0, 0, 0, 500, 50, 100, 'أدوية السكري', 'Novo Nordisk', 1, 1, 450.00, 0.00, 0.00, 1, 1, 0, 0, 1, 'EAN13', NULL, 320.00, 1, 'يحفظ في الثلاجة', 1, 1, 10.00, 3, 0, 0, 0, 0, 3, 1, '2026-06-20 10:00:00', '2026-06-27 10:00:00', 'manual', NULL, 'M-00009'),
(10, '10', 'ميتفورمين 500 مجم 30 قرص', 'Metformin 500mg 30 tabs', 'Metformin HCl', 1, 0, 0, 0, 1000, 100, 200, 'أدوية السكري', 'Merck', 1, 10, 45.00, 0.00, 0.00, 1, 1, 0, 0, 1, 'EAN13', NULL, 30.00, 0, '', 0, 1, 15.00, 1, 0, 0, 0, 0, 1, 1, '2026-06-20 10:00:00', '2026-06-27 10:00:00', 'manual', NULL, 'M-00010'),
(11, '11', 'جلوكوفاج 1000 مجم 30 قرص', 'Glucophage 1000mg 30 tabs', 'Metformin HCl', 1, 0, 0, 0, 800, 80, 150, 'أدوية السكري', 'Merck', 1, 10, 85.00, 0.00, 0.00, 1, 1, 0, 0, 1, 'EAN13', NULL, 60.00, 0, '', 0, 1, 10.00, 1, 0, 0, 0, 0, 1, 1, '2026-06-20 10:00:00', '2026-06-27 10:00:00', 'manual', NULL, 'M-00011'),
(12, '12', 'أمaryl 2 مجم 30 قرص', 'Amaryl 2mg 30 tabs', 'Glimepiride', 1, 0, 0, 0, 600, 60, 120, 'أدوية السكري', 'Sanofi', 1, 7, 55.00, 0.00, 0.00, 1, 1, 0, 0, 1, 'EAN13', NULL, 38.00, 0, '', 0, 1, 15.00, 1, 0, 0, 0, 0, 1, 1, '2026-06-20 10:00:00', '2026-06-27 10:00:00', 'manual', NULL, 'M-00012'),
(13, '13', 'جانوفيا 100 مجم 30 قرص', 'Januvia 100mg 30 tabs', 'Sitagliptin', 1, 0, 0, 0, 400, 40, 80, 'أدوية السكري', 'Merck', 1, 10, 350.00, 0.00, 0.00, 1, 1, 0, 0, 1, 'EAN13', NULL, 250.00, 1, '', 0, 1, 5.00, 1, 0, 0, 0, 0, 1, 1, '2026-06-20 10:00:00', '2026-06-27 10:00:00', 'manual', NULL, 'M-00013'),
(14, '14', 'تريجلكس 5/500 مجم 30 قرص', 'Trajenta Duo 5/500mg', 'Linagliptin/Metformin', 1, 0, 0, 0, 300, 30, 60, 'أدوية السكري', 'Boehringer Ingelheim', 1, 19, 180.00, 0.00, 0.00, 1, 1, 0, 0, 1, 'EAN13', NULL, 130.00, 1, '', 0, 1, 10.00, 1, 0, 0, 0, 0, 1, 1, '2026-06-20 10:00:00', '2026-06-27 10:00:00', 'manual', NULL, 'M-00014'),
(15, '15', 'جالفوس ميت 50/1000 مجم 60 قرص', 'Galvus Met 50/1000mg 60', 'Vildagliptin/Metformin', 1, 0, 0, 0, 500, 50, 100, 'أدوية السكري', 'Novartis', 1, 6, 280.00, 0.00, 0.00, 1, 1, 0, 0, 1, 'EAN13', NULL, 200.00, 1, '', 0, 1, 10.00, 1, 0, 0, 0, 0, 1, 1, '2026-06-20 10:00:00', '2026-06-27 10:00:00', 'manual', NULL, 'M-00015'),
-- Heart & Blood Pressure
(16, '16', 'كونكور 5 مجم 30 قرص', 'Concor 5mg 30 tabs', 'Bisoprolol', 1, 0, 0, 0, 1000, 100, 200, 'أدوية القلب', 'Merck', 2, 10, 65.00, 0.00, 0.00, 1, 1, 0, 0, 1, 'EAN13', NULL, 45.00, 0, '', 0, 1, 15.00, 1, 0, 0, 0, 0, 1, 1, '2026-06-20 10:00:00', '2026-06-27 10:00:00', 'manual', NULL, 'M-00016'),
(17, '17', 'نورفاسك 5 مجم 30 قرص', 'Norvasc 5mg 30 tabs', 'Amlodipine', 1, 0, 0, 0, 1200, 120, 240, 'أدوية الضغط', 'Pfizer', 3, 4, 75.00, 0.00, 0.00, 1, 1, 0, 0, 1, 'EAN13', NULL, 52.00, 0, '', 0, 1, 15.00, 1, 0, 0, 0, 0, 1, 1, '2026-06-20 10:00:00', '2026-06-27 10:00:00', 'manual', NULL, 'M-00017'),
(18, '18', 'لازيكس 40 مجم 30 قرص', 'Lasix 40mg 30 tabs', 'Furosemide', 1, 0, 0, 0, 800, 80, 160, 'أدوية القلب', 'Sanofi', 2, 7, 35.00, 0.00, 0.00, 1, 1, 0, 0, 1, 'EAN13', NULL, 24.00, 0, '', 0, 1, 20.00, 1, 0, 0, 0, 0, 1, 1, '2026-06-20 10:00:00', '2026-06-27 10:00:00', 'manual', NULL, 'M-00018'),
(19, '19', 'بلافيكس 75 مجم 30 قرص', 'Plavix 75mg 30 tabs', 'Clopidogrel', 1, 0, 0, 0, 600, 60, 120, 'مميعات الدم', 'Sanofi', 16, 7, 120.00, 0.00, 0.00, 1, 1, 0, 0, 1, 'EAN13', NULL, 85.00, 1, '', 0, 1, 10.00, 1, 0, 0, 0, 0, 1, 1, '2026-06-20 10:00:00', '2026-06-27 10:00:00', 'manual', NULL, 'M-00019'),
(20, '20', 'إليكويس 5 مجم 60 قرص', 'Eliquis 5mg 60 tabs', 'Apixaban', 1, 0, 0, 0, 400, 40, 80, 'مميعات الدم', 'Bristol Myers Squibb', 16, 3, 850.00, 0.00, 0.00, 1, 1, 0, 0, 1, 'EAN13', NULL, 620.00, 1, '', 0, 1, 5.00, 1, 0, 0, 0, 0, 1, 1, '2026-06-20 10:00:00', '2026-06-27 10:00:00', 'manual', NULL, 'M-00020'),
(21, '21', 'زاناكس 0.5 مجم 30 قرص', 'Xanax 0.5mg 30 tabs', 'Alprazolam', 1, 0, 0, 0, 300, 30, 60, 'أدوية النفسية', 'Pfizer', 19, 4, 45.00, 0.00, 0.00, 1, 1, 0, 0, 1, 'EAN13', NULL, 32.00, 0, 'مخدر', 0, 0, 0.00, 1, 0, 0, 0, 0, 1, 1, '2026-06-20 10:00:00', '2026-06-27 10:00:00', 'manual', NULL, 'M-00021'),
(22, '22', 'ليبانتيل 200 مجم 30 قرص', 'Lipanthyl 200mg 30', 'Fenofibrate', 1, 0, 0, 0, 500, 50, 100, 'أدوية الكوليسترول', 'Abbott', 17, 2, 95.00, 0.00, 0.00, 1, 1, 0, 0, 1, 'EAN13', NULL, 68.00, 0, '', 0, 1, 15.00, 1, 0, 0, 0, 0, 1, 1, '2026-06-20 10:00:00', '2026-06-27 10:00:00', 'manual', NULL, 'M-00022'),
(23, '23', 'سينترويد 50 ميكروجرام 30 قرص', 'Synthroid 50mcg 30', 'Levothyroxine', 1, 0, 0, 0, 700, 70, 140, 'أدوية الغدة الدرقية', 'Abbott', 18, 2, 55.00, 0.00, 0.00, 1, 1, 0, 0, 1, 'EAN13', NULL, 38.00, 0, '', 0, 1, 15.00, 1, 0, 0, 0, 0, 1, 1, '2026-06-20 10:00:00', '2026-06-27 10:00:00', 'manual', NULL, 'M-00023'),
(24, '24', 'أوجمنتين 1جم 14 قرص', 'Augmentin 1g 14 tabs', 'Amoxicillin/Clavulanate', 1, 0, 0, 0, 1000, 100, 200, 'المضادات الحيوية', 'GSK', 4, 9, 85.00, 0.00, 0.00, 1, 1, 0, 0, 1, 'EAN13', NULL, 60.00, 0, '', 0, 1, 15.00, 1, 0, 0, 0, 0, 1, 1, '2026-06-20 10:00:00', '2026-06-27 10:00:00', 'manual', NULL, 'M-00024'),
(25, '25', 'زيثروماكس 500 مجم 3 كبسولات', 'Zithromax 500mg 3 caps', 'Azithromycin', 1, 0, 0, 0, 800, 80, 160, 'المضادات الحيوية', 'Pfizer', 4, 4, 65.00, 0.00, 0.00, 1, 1, 0, 0, 1, 'EAN13', NULL, 45.00, 0, '', 0, 1, 15.00, 2, 0, 0, 0, 0, 2, 1, '2026-06-20 10:00:00', '2026-06-27 10:00:00', 'manual', NULL, 'M-00025'),
(26, '26', 'سيبروفار 500 مجم 10 قرص', 'Ciprofar 500mg 10 tabs', 'Ciprofloxacin', 1, 0, 0, 0, 900, 90, 180, 'المضادات الحيوية', 'Amoun', 4, 26, 40.00, 0.00, 0.00, 1, 1, 0, 0, 1, 'EAN13', NULL, 28.00, 0, '', 0, 1, 20.00, 1, 0, 0, 0, 0, 1, 1, '2026-06-20 10:00:00', '2026-06-27 10:00:00', 'manual', NULL, 'M-00026'),
(27, '27', 'فلاجيل 500 مجم 20 قرص', 'Flagyl 500mg 20 tabs', 'Metronidazole', 1, 0, 0, 0, 700, 70, 140, 'المضادات الحيوية', 'Sanofi', 4, 7, 35.00, 0.00, 0.00, 1, 1, 0, 0, 1, 'EAN13', NULL, 24.00, 0, '', 0, 1, 20.00, 1, 0, 0, 0, 0, 1, 1, '2026-06-20 10:00:00', '2026-06-27 10:00:00', 'manual', NULL, 'M-00027'),
(28, '28', 'بروفين 400 مجم 20 قرص', 'Brufen 400mg 20 tabs', 'Ibuprofen', 1, 0, 0, 0, 1500, 150, 300, 'أدوية الألم', 'Abbott', 5, 2, 25.00, 0.00, 0.00, 1, 1, 0, 0, 1, 'EAN13', NULL, 17.00, 0, '', 0, 1, 25.00, 1, 0, 0, 0, 0, 1, 1, '2026-06-20 10:00:00', '2026-06-27 10:00:00', 'manual', NULL, 'M-00028'),
(29, '29', 'بنادول أزرق 500 مجم 24 قرص', 'Panadol Blue 500mg 24', 'Paracetamol', 1, 0, 0, 0, 2000, 200, 400, 'أدوية الألم', 'GSK', 5, 9, 18.00, 0.00, 0.00, 1, 1, 0, 0, 1, 'EAN13', NULL, 12.00, 0, '', 0, 1, 30.00, 1, 0, 0, 0, 0, 1, 1, '2026-06-20 10:00:00', '2026-06-27 10:00:00', 'manual', NULL, 'M-00029'),
(30, '30', 'فولتارين 50 مجم 20 قرص', 'Voltaren 50mg 20 tabs', 'Diclofenac', 1, 0, 0, 0, 1000, 100, 200, 'أدوية الألم', 'Novartis', 5, 6, 35.00, 0.00, 0.00, 1, 1, 0, 0, 1, 'EAN13', NULL, 24.00, 0, '', 0, 1, 20.00, 1, 0, 0, 0, 0, 1, 1, '2026-06-20 10:00:00', '2026-06-27 10:00:00', 'manual', NULL, 'M-00030'),
(31, '31', 'سيليبركس 200 مجم 10 كبسولات', 'Celebrex 200mg 10 caps', 'Celecoxib', 1, 0, 0, 0, 400, 40, 80, 'أدوية الالتهابات', 'Pfizer', 24, 4, 120.00, 0.00, 0.00, 1, 1, 0, 0, 1, 'EAN13', NULL, 85.00, 1, '', 0, 1, 10.00, 2, 0, 0, 0, 0, 2, 1, '2026-06-20 10:00:00', '2026-06-27 10:00:00', 'manual', NULL, 'M-00031'),
(32, '32', 'فيتامين د3 1000 وحدة 30 كبسولة', 'Vitamin D3 1000IU 30', 'Cholecalciferol', 1, 0, 0, 0, 800, 80, 160, 'فيتامينات', 'Eva Pharma', 6, 30, 45.00, 0.00, 0.00, 1, 0, 0, 0, 1, 'EAN13', NULL, 30.00, 0, '', 0, 1, 20.00, 2, 0, 0, 0, 0, 2, 1, '2026-06-20 10:00:00', '2026-06-27 10:00:00', 'manual', NULL, 'M-00032'),
(33, '33', 'فيتامين سي 500 مجم 20 قرص فوار', 'Vitamin C 500mg 20 eff', 'Ascorbic Acid', 1, 0, 0, 0, 1000, 100, 200, 'فيتامينات', 'Eva Pharma', 6, 30, 25.00, 0.00, 0.00, 1, 0, 0, 0, 1, 'EAN13', NULL, 17.00, 0, '', 0, 1, 25.00, 1, 0, 0, 0, 0, 1, 1, '2026-06-20 10:00:00', '2026-06-27 10:00:00', 'manual', NULL, 'M-00033'),
(34, '34', 'أوميغا 3 1000 مجم 30 كبسولة', 'Omega 3 1000mg 30 caps', 'Fish Oil', 1, 0, 0, 0, 600, 60, 120, 'مكملات غذائية', 'Eva Pharma', 25, 30, 85.00, 0.00, 0.00, 1, 0, 0, 0, 1, 'EAN13', NULL, 60.00, 0, '', 0, 1, 15.00, 2, 0, 0, 0, 0, 2, 1, '2026-06-20 10:00:00', '2026-06-27 10:00:00', 'manual', NULL, 'M-00034'),
(35, '35', 'كالسيوم + د3 30 قرص', 'Calcium + D3 30 tabs', 'Calcium Carbonate', 1, 0, 0, 0, 700, 70, 140, 'مكملات غذائية', 'Eva Pharma', 25, 30, 55.00, 0.00, 0.00, 1, 0, 0, 0, 1, 'EAN13', NULL, 38.00, 0, '', 0, 1, 20.00, 1, 0, 0, 0, 0, 1, 1, '2026-06-20 10:00:00', '2026-06-27 10:00:00', 'manual', NULL, 'M-00035'),
(36, '36', 'نكسيوم 40 مجم 14 قرص', 'Nexium 40mg 14 tabs', 'Esomeprazole', 1, 0, 0, 0, 800, 80, 160, 'أدوية الجهاز الهضمي', 'AstraZeneca', 10, 8, 95.00, 0.00, 0.00, 1, 1, 0, 0, 1, 'EAN13', NULL, 68.00, 1, '', 0, 1, 15.00, 1, 0, 0, 0, 0, 1, 1, '2026-06-20 10:00:00', '2026-06-27 10:00:00', 'manual', NULL, 'M-00036'),
(37, '37', 'موتيليوم 10 مجم 30 قرص', 'Motilium 10mg 30 tabs', 'Domperidone', 1, 0, 0, 0, 900, 90, 180, 'أدوية الجهاز الهضمي', 'Janssen', 10, 11, 45.00, 0.00, 0.00, 1, 1, 0, 0, 1, 'EAN13', NULL, 32.00, 0, '', 0, 1, 20.00, 1, 0, 0, 0, 0, 1, 1, '2026-06-20 10:00:00', '2026-06-27 10:00:00', 'manual', NULL, 'M-00037'),
(38, '38', 'لوبروزاك 20 مجم 14 كبسولة', 'Loprazol 20mg 14 caps', 'Omeprazole', 1, 0, 0, 0, 1000, 100, 200, 'أدوية الجهاز الهضمي', 'Eva Pharma', 10, 30, 35.00, 0.00, 0.00, 1, 1, 0, 0, 1, 'EAN13', NULL, 24.00, 0, '', 0, 1, 25.00, 2, 0, 0, 0, 0, 2, 1, '2026-06-20 10:00:00', '2026-06-27 10:00:00', 'manual', NULL, 'M-00038'),
(39, '39', 'سينتروفيل 4 مجم 20 قرص', 'Singulair 10mg 20 tabs', 'Montelukast', 1, 0, 0, 0, 500, 50, 100, 'أدوية الجهاز التنفسي', 'Merck', 11, 10, 85.00, 0.00, 0.00, 1, 1, 0, 0, 1, 'EAN13', NULL, 60.00, 0, '', 0, 1, 15.00, 1, 0, 0, 0, 0, 1, 1, '2026-06-20 10:00:00', '2026-06-27 10:00:00', 'manual', NULL, 'M-00039'),
(40, '40', 'فنتولين بخاخ 100 ميكروجرام', 'Ventolin Inhaler 100mcg', 'Salbutamol', 1, 0, 0, 0, 600, 60, 120, 'أدوية الجهاز التنفسي', 'GSK', 11, 9, 65.00, 0.00, 0.00, 1, 1, 0, 0, 1, 'EAN13', NULL, 45.00, 0, '', 0, 1, 15.00, 15, 0, 0, 0, 0, 15, 1, '2026-06-20 10:00:00', '2026-06-27 10:00:00', 'manual', NULL, 'M-00040'),
(41, '41', 'سيريتايد 250 بخاخ', 'Seretide 250 Inhaler', 'Fluticasone/Salmeterol', 1, 0, 0, 0, 400, 40, 80, 'أدوية الجهاز التنفسي', 'GSK', 11, 9, 180.00, 0.00, 0.00, 1, 1, 0, 0, 1, 'EAN13', NULL, 130.00, 1, '', 0, 1, 10.00, 15, 0, 0, 0, 0, 15, 1, '2026-06-20 10:00:00', '2026-06-27 10:00:00', 'manual', NULL, 'M-00041'),
(42, '42', 'ديفرين 0.1% جل 30 جم', 'Differin 0.1% Gel 30g', 'Adapalene', 1, 0, 0, 0, 300, 30, 60, 'أدوية الجلد', 'Galderma', 12, 14, 95.00, 0.00, 0.00, 1, 1, 0, 0, 1, 'EAN13', NULL, 68.00, 1, '', 0, 1, 15.00, 20, 0, 0, 0, 0, 20, 1, '2026-06-20 10:00:00', '2026-06-27 10:00:00', 'manual', NULL, 'M-00042'),
(43, '43', 'بيتادين مطهر 30 مل', 'Betadine Antiseptic 30ml', 'Povidone Iodine', 1, 0, 0, 0, 800, 80, 160, 'أدوية الجلد', 'Meda', 12, 15, 35.00, 0.00, 0.00, 1, 0, 0, 0, 1, 'EAN13', NULL, 24.00, 0, '', 0, 1, 20.00, 5, 0, 0, 0, 0, 5, 1, '2026-06-20 10:00:00', '2026-06-27 10:00:00', 'manual', NULL, 'M-00043'),
(44, '44', 'توبريكان قطرة عين 5 مل', 'Tobrex Eye Drops 5ml', 'Tobramycin', 1, 0, 0, 0, 500, 50, 100, 'أدوية العيون', 'Alcon', 13, 16, 45.00, 0.00, 0.00, 1, 1, 0, 0, 1, 'EAN13', NULL, 32.00, 0, '', 0, 1, 15.00, 14, 0, 0, 0, 0, 14, 1, '2026-06-20 10:00:00', '2026-06-27 10:00:00', 'manual', NULL, 'M-00044'),
(45, '45', 'أوتريفين بخاخ أنف 10 مل', 'Otrivin Nasal Spray 10ml', 'Xylometazoline', 1, 0, 0, 0, 600, 60, 120, 'أدوية الجهاز التنفسي', 'Novartis', 11, 6, 35.00, 0.00, 0.00, 1, 1, 0, 0, 1, 'EAN13', NULL, 24.00, 0, '', 0, 1, 20.00, 15, 0, 0, 0, 0, 15, 1, '2026-06-20 10:00:00', '2026-06-27 10:00:00', 'manual', NULL, 'M-00045'),
(46, '46', 'سيروماكس قطرة أذن 10 مل', 'Syramax Ear Drops 10ml', 'Ciprofloxacin', 1, 0, 0, 0, 400, 40, 80, 'أدوية الأذن', 'Eva Pharma', 14, 30, 28.00, 0.00, 0.00, 1, 1, 0, 0, 1, 'EAN13', NULL, 19.00, 0, '', 0, 1, 15.00, 14, 0, 0, 0, 0, 14, 1, '2026-06-20 10:00:00', '2026-06-27 10:00:00', 'manual', NULL, 'M-00046'),
(47, '47', 'إيمو 1000 مجم 3 أمبولات', 'Imo 1000mg 3 amps', 'Immunoglobulin', 1, 0, 0, 0, 200, 20, 40, 'أدوية المناعة', 'Eva Pharma', 15, 30, 250.00, 0.00, 0.00, 1, 1, 0, 0, 1, 'EAN13', NULL, 180.00, 0, 'يحفظ في الثلاجة', 1, 1, 5.00, 3, 0, 0, 0, 0, 3, 1, '2026-06-20 10:00:00', '2026-06-27 10:00:00', 'manual', NULL, 'M-00047'),
(48, '48', 'أكتيمرا 400 مجم 1 أمبول', 'Actemra 400mg 1 vial', 'Tocilizumab', 1, 0, 0, 0, 100, 10, 20, 'أدوية المناعة', 'Roche', 15, 5, 3500.00, 0.00, 0.00, 1, 1, 0, 0, 1, 'EAN13', NULL, 2800.00, 1, 'يحفظ في الثلاجة', 1, 0, 0.00, 4, 0, 0, 0, 0, 4, 1, '2026-06-20 10:00:00', '2026-06-27 10:00:00', 'manual', NULL, 'M-00048'),
(49, '49', 'فوساماكس 70 مجم 4 أقراص', 'Fosamax 70mg 4 tabs', 'Alendronate', 1, 0, 0, 0, 400, 40, 80, 'أدوية العظام', 'Merck', 20, 10, 120.00, 0.00, 0.00, 1, 1, 0, 0, 1, 'EAN13', NULL, 85.00, 0, '', 0, 1, 10.00, 1, 0, 0, 0, 0, 1, 1, '2026-06-20 10:00:00', '2026-06-27 10:00:00', 'manual', NULL, 'M-00049'),
(50, '50', 'تاموكسيفين 20 مجم 30 قرص', 'Tamoxifen 20mg 30 tabs', 'Tamoxifen Citrate', 1, 0, 0, 0, 200, 20, 40, 'أدوية السرطان', 'AstraZeneca', 21, 8, 85.00, 0.00, 0.00, 1, 1, 0, 0, 1, 'EAN13', NULL, 60.00, 0, '', 0, 1, 10.00, 1, 0, 0, 0, 0, 1, 1, '2026-06-20 10:00:00', '2026-06-27 10:00:00', 'manual', NULL, 'M-00050')
ON DUPLICATE KEY UPDATE product_name=VALUES(product_name), sell_price=VALUES(sell_price), cost_price=VALUES(cost_price);



-- =====================================================
-- 4. PRODUCTS (continued - more products to reach 100+)
-- =====================================================
INSERT INTO `products` (`id`, `product_code`, `product_name`, `product_name_en`, `scientific_name`, `product_type_id`, `is_service`, `hide_in_receipt`, `is_shortage`, `max_stock`, `min_stock`, `reorder_point`, `category`, `manufacturer`, `category_id`, `company_id`, `sell_price`, `unit2_sell_price`, `unit3_sell_price`, `has_expire`, `is_drug`, `can_be_negative`, `is_made`, `print_barcode`, `barcode_type`, `group_id`, `cost_price`, `is_imported`, `notes`, `print_internal_barcode`, `allow_discount`, `max_discount`, `unit1_id`, `unit2_id`, `unit3_id`, `unit1_to_unit2`, `unit1_to_unit3`, `default_sale_unit`, `is_active`, `created_at`, `updated_at`, `source`, `estock_id`, `manual_code`) VALUES
(51, '51', 'أتيرا 5 مجم 28 قرص', 'Atra 5mg 28 tabs', 'Arsenic Trioxide', 1, 0, 0, 0, 150, 15, 30, 'أدوية السرطان', 'Teva', 21, 16, 450.00, 0.00, 0.00, 1, 1, 0, 0, 1, 'EAN13', NULL, 320.00, 1, '', 0, 1, 5.00, 1, 0, 0, 0, 0, 1, 1, '2026-06-20 10:00:00', '2026-06-27 10:00:00', 'manual', NULL, 'M-00051'),
(52, '52', 'تاميفلو 75 مجم 10 كبسولات', 'Tamiflu 75mg 10 caps', 'Oseltamivir', 1, 0, 0, 0, 300, 30, 60, 'أدوية الفيروسات', 'Roche', 22, 5, 280.00, 0.00, 0.00, 1, 1, 0, 0, 1, 'EAN13', NULL, 200.00, 1, '', 0, 1, 10.00, 2, 0, 0, 0, 0, 2, 1, '2026-06-20 10:00:00', '2026-06-27 10:00:00', 'manual', NULL, 'M-00052'),
(53, '53', 'ديفرلوكان 150 مجم 1 كبسولة', 'Diflucan 150mg 1 cap', 'Fluconazole', 1, 0, 0, 0, 500, 50, 100, 'أدوية الفطريات', 'Pfizer', 23, 4, 45.00, 0.00, 0.00, 1, 1, 0, 0, 1, 'EAN13', NULL, 32.00, 0, '', 0, 1, 15.00, 2, 0, 0, 0, 0, 2, 1, '2026-06-20 10:00:00', '2026-06-27 10:00:00', 'manual', NULL, 'M-00053'),
(54, '54', 'لاميزيل كريم 15 جم', 'Lamisil Cream 15g', 'Terbinafine', 1, 0, 0, 0, 600, 60, 120, 'أدوية الفطريات', 'Novartis', 23, 6, 55.00, 0.00, 0.00, 1, 1, 0, 0, 1, 'EAN13', NULL, 38.00, 0, '', 0, 1, 15.00, 12, 0, 0, 0, 0, 12, 1, '2026-06-20 10:00:00', '2026-06-27 10:00:00', 'manual', NULL, 'M-00054'),
(55, '55', 'ألبرازولام 0.5 مجم 30 قرص', 'Alprazolam 0.5mg 30', 'Alprazolam', 1, 0, 0, 0, 300, 30, 60, 'أدوية النفسية', 'Teva', 19, 16, 35.00, 0.00, 0.00, 1, 1, 0, 0, 1, 'EAN13', NULL, 24.00, 0, 'مخدر', 0, 0, 0.00, 1, 0, 0, 0, 0, 1, 1, '2026-06-20 10:00:00', '2026-06-27 10:00:00', 'manual', NULL, 'M-00055'),
(56, '56', 'سيرترالين 50 مجم 30 قرص', 'Sertraline 50mg 30', 'Sertraline', 1, 0, 0, 0, 400, 40, 80, 'أدوية النفسية', 'Pfizer', 19, 4, 75.00, 0.00, 0.00, 1, 1, 0, 0, 1, 'EAN13', NULL, 52.00, 0, '', 0, 1, 15.00, 1, 0, 0, 0, 0, 1, 1, '2026-06-20 10:00:00', '2026-06-27 10:00:00', 'manual', NULL, 'M-00056'),
(57, '57', 'ريتالين 10 مجم 30 قرص', 'Ritalin 10mg 30 tabs', 'Methylphenidate', 1, 0, 0, 0, 200, 20, 40, 'أدوية النفسية', 'Novartis', 19, 6, 95.00, 0.00, 0.00, 1, 1, 0, 0, 1, 'EAN13', NULL, 68.00, 0, 'مخدر', 0, 0, 0.00, 1, 0, 0, 0, 0, 1, 1, '2026-06-20 10:00:00', '2026-06-27 10:00:00', 'manual', NULL, 'M-00057'),
(58, '58', 'ليريكا 75 مجم 14 كبسولة', 'Lyrica 75mg 14 caps', 'Pregabalin', 1, 0, 0, 0, 500, 50, 100, 'أدوية النفسية', 'Pfizer', 19, 4, 120.00, 0.00, 0.00, 1, 1, 0, 0, 1, 'EAN13', NULL, 85.00, 0, '', 0, 1, 10.00, 2, 0, 0, 0, 0, 2, 1, '2026-06-20 10:00:00', '2026-06-27 10:00:00', 'manual', NULL, 'M-00058'),
(59, '59', 'زولفت 50 مجم 14 قرص', 'Zoloft 50mg 14 tabs', 'Sertraline', 1, 0, 0, 0, 400, 40, 80, 'أدوية النفسية', 'Pfizer', 19, 4, 65.00, 0.00, 0.00, 1, 1, 0, 0, 1, 'EAN13', NULL, 45.00, 0, '', 0, 1, 15.00, 1, 0, 0, 0, 0, 1, 1, '2026-06-20 10:00:00', '2026-06-27 10:00:00', 'manual', NULL, 'M-00059'),
(60, '60', 'إفكسور 75 مجم 14 قرص', 'Effexor 75mg 14 tabs', 'Venlafaxine', 1, 0, 0, 0, 300, 30, 60, 'أدوية النفسية', 'Pfizer', 19, 4, 85.00, 0.00, 0.00, 1, 1, 0, 0, 1, 'EAN13', NULL, 60.00, 0, '', 0, 1, 15.00, 1, 0, 0, 0, 0, 1, 1, '2026-06-20 10:00:00', '2026-06-27 10:00:00', 'manual', NULL, 'M-00060'),
-- Accessories (product_type_id=2)
(61, '61', 'جهاز قياس سكر إلكتروني', 'Blood Glucose Monitor', NULL, 2, 0, 0, 0, 100, 10, 20, 'أجهزة قياس', 'Accu-Chek', 28, 1, 450.00, 0.00, 0.00, 0, 0, 0, 0, 1, 'EAN13', NULL, 320.00, 1, '', 0, 1, 10.00, 7, 0, 0, 0, 0, 7, 1, '2026-06-20 10:00:00', '2026-06-27 10:00:00', 'manual', NULL, 'M-00061'),
(62, '62', 'شرائط قياس سكر 50 شريط', 'Test Strips 50 pcs', NULL, 2, 0, 0, 0, 200, 20, 40, 'أجهزة قياس', 'Accu-Chek', 28, 1, 180.00, 0.00, 0.00, 1, 0, 0, 0, 1, 'EAN13', NULL, 130.00, 1, '', 0, 1, 10.00, 9, 0, 0, 0, 0, 9, 1, '2026-06-20 10:00:00', '2026-06-27 10:00:00', 'manual', NULL, 'M-00062'),
(63, '63', 'جهاز قياس ضغط إلكتروني', 'Blood Pressure Monitor', NULL, 2, 0, 0, 0, 80, 8, 16, 'أجهزة قياس', 'Omron', 28, 20, 650.00, 0.00, 0.00, 0, 0, 0, 0, 1, 'EAN13', NULL, 480.00, 1, '', 0, 1, 10.00, 7, 0, 0, 0, 0, 7, 1, '2026-06-20 10:00:00', '2026-06-27 10:00:00', 'manual', NULL, 'M-00063'),
(64, '64', 'ميزان حرارة إلكتروني', 'Digital Thermometer', NULL, 2, 0, 0, 0, 150, 15, 30, 'أجهزة قياس', 'Omron', 28, 20, 85.00, 0.00, 0.00, 0, 0, 0, 0, 1, 'EAN13', NULL, 60.00, 1, '', 0, 1, 15.00, 7, 0, 0, 0, 0, 7, 1, '2026-06-20 10:00:00', '2026-06-27 10:00:00', 'manual', NULL, 'M-00064'),
(65, '65', 'كرسي متحرك', 'Wheelchair', NULL, 2, 0, 0, 0, 20, 2, 4, 'مستلزمات طبية', 'Medline', 8, 21, 2500.00, 0.00, 0.00, 0, 0, 0, 0, 1, 'EAN13', NULL, 1800.00, 1, '', 0, 1, 5.00, 7, 0, 0, 0, 0, 7, 1, '2026-06-20 10:00:00', '2026-06-27 10:00:00', 'manual', NULL, 'M-00065'),
(66, '66', 'عكاز طبي', 'Medical Crutch', NULL, 2, 0, 0, 0, 50, 5, 10, 'مستلزمات طبية', 'Medline', 8, 21, 180.00, 0.00, 0.00, 0, 0, 0, 0, 1, 'EAN13', NULL, 130.00, 1, '', 0, 1, 15.00, 7, 0, 0, 0, 0, 7, 1, '2026-06-20 10:00:00', '2026-06-27 10:00:00', 'manual', NULL, 'M-00066'),
(67, '67', 'ضمادة لاصقة 10 سم', 'Adhesive Bandage 10cm', NULL, 2, 0, 0, 0, 500, 50, 100, 'مستلزمات طبية', '3M', 8, 11, 25.00, 0.00, 0.00, 1, 0, 0, 0, 1, 'EAN13', NULL, 17.00, 0, '', 0, 1, 25.00, 9, 0, 0, 0, 0, 9, 1, '2026-06-20 10:00:00', '2026-06-27 10:00:00', 'manual', NULL, 'M-00067'),
(68, '68', 'قفازات طبية 100 قطعة', 'Medical Gloves 100 pcs', NULL, 2, 0, 0, 0, 300, 30, 60, 'مستلزمات طبية', 'Medline', 8, 21, 85.00, 0.00, 0.00, 1, 0, 0, 0, 1, 'EAN13', NULL, 60.00, 0, '', 0, 1, 15.00, 9, 0, 0, 0, 0, 9, 1, '2026-06-20 10:00:00', '2026-06-27 10:00:00', 'manual', NULL, 'M-00068'),
(69, '69', 'كمامة طبية 50 قطعة', 'Medical Mask 50 pcs', NULL, 2, 0, 0, 0, 1000, 100, 200, 'مستلزمات طبية', '3M', 8, 11, 45.00, 0.00, 0.00, 1, 0, 0, 0, 1, 'EAN13', NULL, 32.00, 0, '', 0, 1, 20.00, 9, 0, 0, 0, 0, 9, 1, '2026-06-20 10:00:00', '2026-06-27 10:00:00', 'manual', NULL, 'M-00069'),
(70, '70', 'شراب فيتامين سي للأطفال', 'Vitamin C Syrup Children', NULL, 2, 0, 0, 0, 400, 40, 80, 'أدوية الأطفال', 'Eva Pharma', 9, 30, 35.00, 0.00, 0.00, 1, 0, 0, 0, 1, 'EAN13', NULL, 24.00, 0, '', 0, 1, 20.00, 5, 0, 0, 0, 0, 5, 1, '2026-06-20 10:00:00', '2026-06-27 10:00:00', 'manual', NULL, 'M-00070'),
-- Paper items (product_type_id=3)
(71, '71', 'ورق طباعة فواتير A4', 'Invoice Paper A4', NULL, 3, 0, 0, 0, 500, 50, 100, 'ورقيات', 'Local', 30, 22, 45.00, 0.00, 0.00, 0, 0, 0, 0, 1, 'EAN13', NULL, 32.00, 0, '', 0, 1, 20.00, 9, 0, 0, 0, 0, 9, 1, '2026-06-20 10:00:00', '2026-06-27 10:00:00', 'manual', NULL, 'M-00071'),
(72, '72', 'ورق ملصقات باركود', 'Barcode Labels', NULL, 3, 0, 0, 0, 300, 30, 60, 'ورقيات', 'Local', 30, 22, 65.00, 0.00, 0.00, 0, 0, 0, 0, 1, 'EAN13', NULL, 45.00, 0, '', 0, 1, 15.00, 9, 0, 0, 0, 0, 9, 1, '2026-06-20 10:00:00', '2026-06-27 10:00:00', 'manual', NULL, 'M-00072'),
(73, '73', 'أكياس بلاستيك صيدلية', 'Pharmacy Plastic Bags', NULL, 3, 0, 0, 0, 2000, 200, 400, 'ورقيات', 'Local', 30, 22, 15.00, 0.00, 0.00, 0, 0, 0, 0, 1, 'EAN13', NULL, 10.00, 0, '', 0, 1, 30.00, 9, 0, 0, 0, 0, 9, 1, '2026-06-20 10:00:00', '2026-06-27 10:00:00', 'manual', NULL, 'M-00073'),
-- Medical supplies (product_type_id=4)
(74, '74', 'محلول ملحي 500 مل', 'Saline Solution 500ml', NULL, 4, 0, 0, 0, 600, 60, 120, 'مستلزمات طبية', 'Eva Pharma', 8, 30, 25.00, 0.00, 0.00, 1, 0, 0, 0, 1, 'EAN13', NULL, 17.00, 0, '', 0, 1, 25.00, 5, 0, 0, 0, 0, 5, 1, '2026-06-20 10:00:00', '2026-06-27 10:00:00', 'manual', NULL, 'M-00074'),
(75, '75', 'محلول جلوكوز 5% 500 مل', 'Glucose 5% 500ml', NULL, 4, 0, 0, 0, 400, 40, 80, 'مستلزمات طبية', 'Eva Pharma', 8, 30, 35.00, 0.00, 0.00, 1, 0, 0, 0, 1, 'EAN13', NULL, 24.00, 0, '', 0, 1, 20.00, 5, 0, 0, 0, 0, 5, 1, '2026-06-20 10:00:00', '2026-06-27 10:00:00', 'manual', NULL, 'M-00075'),
(76, '76', 'سرنجة 5 مل 100 قطعة', 'Syringe 5ml 100 pcs', NULL, 4, 0, 0, 0, 500, 50, 100, 'مستلزمات طبية', 'BD', 8, 11, 85.00, 0.00, 0.00, 1, 0, 0, 0, 1, 'EAN13', NULL, 60.00, 0, '', 0, 1, 15.00, 9, 0, 0, 0, 0, 9, 1, '2026-06-20 10:00:00', '2026-06-27 10:00:00', 'manual', NULL, 'M-00076'),
(77, '77', 'إبر تفريغ 23G 100 قطعة', 'Needles 23G 100 pcs', NULL, 4, 0, 0, 0, 400, 40, 80, 'مستلزمات طبية', 'BD', 8, 11, 45.00, 0.00, 0.00, 1, 0, 0, 0, 1, 'EAN13', NULL, 32.00, 0, '', 0, 1, 20.00, 9, 0, 0, 0, 0, 9, 1, '2026-06-20 10:00:00', '2026-06-27 10:00:00', 'manual', NULL, 'M-00077'),
(78, '78', 'كانيولا وريدية 100 قطعة', 'IV Cannula 100 pcs', NULL, 4, 0, 0, 0, 300, 30, 60, 'مستلزمات طبية', 'BD', 8, 11, 120.00, 0.00, 0.00, 1, 0, 0, 0, 1, 'EAN13', NULL, 85.00, 0, '', 0, 1, 15.00, 9, 0, 0, 0, 0, 9, 1, '2026-06-20 10:00:00', '2026-06-27 10:00:00', 'manual', NULL, 'M-00078'),
(79, '79', 'شاش طبي 100 قطعة', 'Medical Gauze 100 pcs', NULL, 4, 0, 0, 0, 600, 60, 120, 'مستلزمات طبية', 'Eva Pharma', 8, 30, 55.00, 0.00, 0.00, 1, 0, 0, 0, 1, 'EAN13', NULL, 38.00, 0, '', 0, 1, 20.00, 9, 0, 0, 0, 0, 9, 1, '2026-06-20 10:00:00', '2026-06-27 10:00:00', 'manual', NULL, 'M-00079'),
(80, '80', 'لاصق جراحي 2.5 سم', 'Surgical Tape 2.5cm', NULL, 4, 0, 0, 0, 400, 40, 80, 'مستلزمات طبية', '3M', 8, 11, 35.00, 0.00, 0.00, 1, 0, 0, 0, 1, 'EAN13', NULL, 24.00, 0, '', 0, 1, 20.00, 9, 0, 0, 0, 0, 9, 1, '2026-06-20 10:00:00', '2026-06-27 10:00:00', 'manual', NULL, 'M-00080'),
-- More drugs
(81, '81', 'أملور 5 مجم 30 قرص', 'Amlor 5mg 30 tabs', 'Amlodipine', 1, 0, 0, 0, 1000, 100, 200, 'أدوية الضغط', 'Pfizer', 3, 4, 65.00, 0.00, 0.00, 1, 1, 0, 0, 1, 'EAN13', NULL, 45.00, 0, '', 0, 1, 15.00, 1, 0, 0, 0, 0, 1, 1, '2026-06-20 10:00:00', '2026-06-27 10:00:00', 'manual', NULL, 'M-00081'),
(82, '82', 'كابوتن 25 مجم 20 قرص', 'Capoten 25mg 20 tabs', 'Captopril', 1, 0, 0, 0, 800, 80, 160, 'أدوية الضغط', 'BMS', 3, 3, 45.00, 0.00, 0.00, 1, 1, 0, 0, 1, 'EAN13', NULL, 32.00, 0, '', 0, 1, 20.00, 1, 0, 0, 0, 0, 1, 1, '2026-06-20 10:00:00', '2026-06-27 10:00:00', 'manual', NULL, 'M-00082'),
(83, '83', 'زيستوريل 10 مجم 20 قرص', 'Zestril 10mg 20 tabs', 'Lisinopril', 1, 0, 0, 0, 700, 70, 140, 'أدوية الضغط', 'AstraZeneca', 3, 8, 55.00, 0.00, 0.00, 1, 1, 0, 0, 1, 'EAN13', NULL, 38.00, 0, '', 0, 1, 15.00, 1, 0, 0, 0, 0, 1, 1, '2026-06-20 10:00:00', '2026-06-27 10:00:00', 'manual', NULL, 'M-00083'),
(84, '84', 'ديوفان 160 مجم 14 قرص', 'Diovan 160mg 14 tabs', 'Valsartan', 1, 0, 0, 0, 600, 60, 120, 'أدوية الضغط', 'Novartis', 3, 6, 120.00, 0.00, 0.00, 1, 1, 0, 0, 1, 'EAN13', NULL, 85.00, 1, '', 0, 1, 10.00, 1, 0, 0, 0, 0, 1, 1, '2026-06-20 10:00:00', '2026-06-27 10:00:00', 'manual', NULL, 'M-00084'),
(85, '85', 'كوزار 50 مجم 30 قرص', 'Cozaar 50mg 30 tabs', 'Losartan', 1, 0, 0, 0, 800, 80, 160, 'أدوية الضغط', 'Merck', 3, 10, 85.00, 0.00, 0.00, 1, 1, 0, 0, 1, 'EAN13', NULL, 60.00, 0, '', 0, 1, 15.00, 1, 0, 0, 0, 0, 1, 1, '2026-06-20 10:00:00', '2026-06-27 10:00:00', 'manual', NULL, 'M-00085'),
(86, '86', 'تينورمين 100 مجم 14 قرص', 'Tenormin 100mg 14 tabs', 'Atenolol', 1, 0, 0, 0, 700, 70, 140, 'أدوية القلب', 'AstraZeneca', 2, 8, 45.00, 0.00, 0.00, 1, 1, 0, 0, 1, 'EAN13', NULL, 32.00, 0, '', 0, 1, 20.00, 1, 0, 0, 0, 0, 1, 1, '2026-06-20 10:00:00', '2026-06-27 10:00:00', 'manual', NULL, 'M-00086'),
(87, '87', 'لانوكسين 0.25 مجم 30 قرص', 'Lanoxin 0.25mg 30 tabs', 'Digoxin', 1, 0, 0, 0, 400, 40, 80, 'أدوية القلب', 'GSK', 2, 9, 35.00, 0.00, 0.00, 1, 1, 0, 0, 1, 'EAN13', NULL, 24.00, 0, '', 0, 1, 20.00, 1, 0, 0, 0, 0, 1, 1, '2026-06-20 10:00:00', '2026-06-27 10:00:00', 'manual', NULL, 'M-00087'),
(88, '88', 'كوردارون 200 مجم 30 قرص', 'Cordarone 200mg 30 tabs', 'Amiodarone', 1, 0, 0, 0, 300, 30, 60, 'أدوية القلب', 'Sanofi', 2, 7, 95.00, 0.00, 0.00, 1, 1, 0, 0, 1, 'EAN13', NULL, 68.00, 0, '', 0, 1, 15.00, 1, 0, 0, 0, 0, 1, 1, '2026-06-20 10:00:00', '2026-06-27 10:00:00', 'manual', NULL, 'M-00088'),
(89, '89', 'إندرال 10 مجم 50 قرص', 'Inderal 10mg 50 tabs', 'Propranolol', 1, 0, 0, 0, 600, 60, 120, 'أدوية القلب', 'AstraZeneca', 2, 8, 45.00, 0.00, 0.00, 1, 1, 0, 0, 1, 'EAN13', NULL, 32.00, 0, '', 0, 1, 20.00, 1, 0, 0, 0, 0, 1, 1, '2026-06-20 10:00:00', '2026-06-27 10:00:00', 'manual', NULL, 'M-00089'),
(90, '90', 'أدالا 30 مجم 30 قرص', 'Adalat 30mg 30 tabs', 'Nifedipine', 1, 0, 0, 0, 800, 80, 160, 'أدوية الضغط', 'Bayer', 3, 14, 55.00, 0.00, 0.00, 1, 1, 0, 0, 1, 'EAN13', NULL, 38.00, 0, '', 0, 1, 15.00, 1, 0, 0, 0, 0, 1, 1, '2026-06-20 10:00:00', '2026-06-27 10:00:00', 'manual', NULL, 'M-00090'),
-- Cosmetics and personal care
(91, '91', 'كريم مرطب نيفيا 200 مل', 'Nivea Cream 200ml', NULL, 2, 0, 0, 0, 200, 20, 40, 'مستحضرات تجميل', 'Nivea', 7, 14, 85.00, 0.00, 0.00, 1, 0, 0, 0, 1, 'EAN13', NULL, 60.00, 1, '', 0, 1, 15.00, 6, 0, 0, 0, 0, 6, 1, '2026-06-20 10:00:00', '2026-06-27 10:00:00', 'manual', NULL, 'M-00091'),
(92, '92', 'شامبو بانتين 400 مل', 'Pantene Shampoo 400ml', NULL, 2, 0, 0, 0, 150, 15, 30, 'منتجات العناية الشخصية', 'P&G', 26, 11, 95.00, 0.00, 0.00, 1, 0, 0, 0, 1, 'EAN13', NULL, 68.00, 1, '', 0, 1, 15.00, 5, 0, 0, 0, 0, 5, 1, '2026-06-20 10:00:00', '2026-06-27 10:00:00', 'manual', NULL, 'M-00092'),
(93, '93', 'معجون أسنان كولجيت 100 جم', 'Colgate Toothpaste 100g', NULL, 2, 0, 0, 0, 300, 30, 60, 'منتجات العناية الشخصية', 'Colgate', 26, 11, 35.00, 0.00, 0.00, 1, 0, 0, 0, 1, 'EAN13', NULL, 24.00, 0, '', 0, 1, 20.00, 6, 0, 0, 0, 0, 6, 1, '2026-06-20 10:00:00', '2026-06-27 10:00:00', 'manual', NULL, 'M-00093'),
(94, '94', 'صابون ديتول 100 جم', 'Dettol Soap 100g', NULL, 2, 0, 0, 0, 400, 40, 80, 'منتجات العناية الشخصية', 'Reckitt', 26, 11, 25.00, 0.00, 0.00, 1, 0, 0, 0, 1, 'EAN13', NULL, 17.00, 0, '', 0, 1, 25.00, 6, 0, 0, 0, 0, 6, 1, '2026-06-20 10:00:00', '2026-06-27 10:00:00', 'manual', NULL, 'M-00094'),
(95, '95', 'حفاضات أطفال بامبرز 60 قطعة', 'Pampers Diapers 60 pcs', NULL, 2, 0, 0, 0, 100, 10, 20, 'منتجات الأم والطفل', 'P&G', 27, 11, 250.00, 0.00, 0.00, 0, 0, 0, 0, 1, 'EAN13', NULL, 180.00, 1, '', 0, 1, 10.00, 9, 0, 0, 0, 0, 9, 1, '2026-06-20 10:00:00', '2026-06-27 10:00:00', 'manual', NULL, 'M-00095'),
(96, '96', 'زجاجة رضاعة 250 مل', 'Baby Bottle 250ml', NULL, 2, 0, 0, 0, 80, 8, 16, 'منتجات الأم والطفل', 'Philips', 27, 11, 120.00, 0.00, 0.00, 0, 0, 0, 0, 1, 'EAN13', NULL, 85.00, 1, '', 0, 1, 15.00, 5, 0, 0, 0, 0, 5, 1, '2026-06-20 10:00:00', '2026-06-27 10:00:00', 'manual', NULL, 'M-00096'),
(97, '97', 'كريم حفاضات 50 جم', 'Diaper Cream 50g', NULL, 2, 0, 0, 0, 150, 15, 30, 'منتجات الأم والطفل', 'Johnson', 27, 11, 45.00, 0.00, 0.00, 1, 0, 0, 0, 1, 'EAN13', NULL, 32.00, 0, '', 0, 1, 20.00, 6, 0, 0, 0, 0, 6, 1, '2026-06-20 10:00:00', '2026-06-27 10:00:00', 'manual', NULL, 'M-00097'),
(98, '98', 'منظف جراحي 500 مل', 'Surgical Cleaner 500ml', NULL, 4, 0, 0, 0, 200, 20, 40, 'مواد تعقيم', 'Eva Pharma', 30, 30, 65.00, 0.00, 0.00, 1, 0, 0, 0, 1, 'EAN13', NULL, 45.00, 0, '', 0, 1, 15.00, 5, 0, 0, 0, 0, 5, 1, '2026-06-20 10:00:00', '2026-06-27 10:00:00', 'manual', NULL, 'M-00098'),
(99, '99', 'كحول إيثيلي 70% 500 مل', 'Ethanol 70% 500ml', NULL, 4, 0, 0, 0, 300, 30, 60, 'مواد تعقيم', 'Eva Pharma', 30, 30, 35.00, 0.00, 0.00, 1, 0, 0, 0, 1, 'EAN13', NULL, 24.00, 0, '', 0, 1, 20.00, 5, 0, 0, 0, 0, 5, 1, '2026-06-20 10:00:00', '2026-06-27 10:00:00', 'manual', NULL, 'M-00099'),
(100, '100', 'مطهر بيتادين 100 مل', 'Betadine 100ml', NULL, 4, 0, 0, 0, 400, 40, 80, 'مواد تعقيم', 'Meda', 30, 15, 55.00, 0.00, 0.00, 1, 0, 0, 0, 1, 'EAN13', NULL, 38.00, 0, '', 0, 1, 15.00, 5, 0, 0, 0, 0, 5, 1, '2026-06-20 10:00:00', '2026-06-27 10:00:00', 'manual', NULL, 'M-00100')
ON DUPLICATE KEY UPDATE product_name=VALUES(product_name), sell_price=VALUES(sell_price), cost_price=VALUES(cost_price);



-- =====================================================
-- 5. CUSTOMERS (100+ customers covering all types)
-- =====================================================
INSERT INTO `customers` (`id`, `customer_code`, `customer_name`, `customer_name_en`, `customer_type`, `customer_class_id`, `local_margin`, `imported_margin`, `local_discount`, `imported_discount`, `payment_type`, `credit_limit`, `branch_id`, `phone`, `phone2`, `email`, `address`, `branch_code`, `notes`, `is_active`, `created_at`, `updated_at`, `source`, `estock_id`) VALUES
-- Individual customers (cash & credit)
(11, '11', 'محمد أحمد علي', 'Mohamed Ahmed Ali', 'individual', 2, 0.00, 0.00, 5.00, 10.00, 'cash', 0.00, 1, '01011111111', NULL, 'mohamed@email.com', 'شارع التحرير، القاهرة', '1', 'عميل دائم', 1, '2026-06-20 10:00:00', '2026-06-27 10:00:00', 'manual', NULL),
(12, '12', 'فاطمة محمود حسن', 'Fatma Mahmoud Hassan', 'individual', 2, 0.00, 0.00, 5.00, 10.00, 'cash', 0.00, 2, '01022222222', NULL, 'fatma@email.com', 'شارع النصر، القاهرة', '2', '', 1, '2026-06-20 10:00:00', '2026-06-27 10:00:00', 'manual', NULL),
(13, '13', 'أحمد سعيد إبراهيم', 'Ahmed Saeed Ibrahim', 'individual', 2, 0.00, 0.00, 5.00, 10.00, 'credit', 50000.00, 1, '01033333333', '01233333333', 'ahmed@email.com', 'شارع الجمهورية، الجيزة', '1', 'عميل VIP', 1, '2026-06-20 10:00:00', '2026-06-27 10:00:00', 'manual', NULL),
(14, '14', 'سارة خالد محمود', 'Sara Khaled Mahmoud', 'individual', 2, 0.00, 0.00, 5.00, 10.00, 'cash', 0.00, 3, '01044444444', NULL, 'sara@email.com', 'شارع الهرم، الجيزة', '3', '', 1, '2026-06-20 10:00:00', '2026-06-27 10:00:00', 'manual', NULL),
(15, '15', 'خالد عمر فؤاد', 'Khaled Omar Fouad', 'individual', 2, 0.00, 0.00, 5.00, 10.00, 'credit', 30000.00, 2, '01055555555', '01255555555', 'khaled@email.com', 'شارع العروبة، القاهرة', '2', '', 1, '2026-06-20 10:00:00', '2026-06-27 10:00:00', 'manual', NULL),
(16, '16', 'نورا سامي عبدالله', 'Nora Sami Abdullah', 'individual', 2, 0.00, 0.00, 5.00, 10.00, 'cash', 0.00, 4, '01066666666', NULL, 'nora@email.com', 'شارع الجلاء، الإسكندرية', '4', '', 1, '2026-06-20 10:00:00', '2026-06-27 10:00:00', 'manual', NULL),
(17, '17', 'عمر حسن علي', 'Omar Hassan Ali', 'individual', 2, 0.00, 0.00, 5.00, 10.00, 'cash', 0.00, 1, '01077777777', NULL, 'omar@email.com', 'شارع رمسيس، القاهرة', '1', '', 1, '2026-06-20 10:00:00', '2026-06-27 10:00:00', 'manual', NULL),
(18, '18', 'ليلى محمد سالم', 'Laila Mohamed Salem', 'individual', 2, 0.00, 0.00, 5.00, 10.00, 'credit', 25000.00, 3, '01088888888', '01288888888', 'laila@email.com', 'شارع فيصل، الجيزة', '3', '', 1, '2026-06-20 10:00:00', '2026-06-27 10:00:00', 'manual', NULL),
(19, '19', 'يوسف أحمد محمود', 'Youssef Ahmed Mahmoud', 'individual', 2, 0.00, 0.00, 5.00, 10.00, 'cash', 0.00, 2, '01099999999', NULL, 'youssef@email.com', 'شارع الميرغني، القاهرة', '2', '', 1, '2026-06-20 10:00:00', '2026-06-27 10:00:00', 'manual', NULL),
(20, '20', 'مريم خالد عمر', 'Mariam Khaled Omar', 'individual', 2, 0.00, 0.00, 5.00, 10.00, 'cash', 0.00, 1, '01010101010', NULL, 'mariam@email.com', 'شارع قصر النيل، القاهرة', '1', '', 1, '2026-06-20 10:00:00', '2026-06-27 10:00:00', 'manual', NULL),
-- Company customers (wholesale)
(21, '21', 'شركة الأمل للأدوية', 'El Amal Pharma Co.', 'company', 1, 15.00, 20.00, 0.00, 0.00, 'credit', 200000.00, 1, '01111111111', '01211111111', 'amal@company.com', 'المنطقة الصناعية، القاهرة', '1', 'عميل جملة', 1, '2026-06-20 10:00:00', '2026-06-27 10:00:00', 'manual', NULL),
(22, '22', 'مستشفى النور', 'El Noor Hospital', 'company', 1, 15.00, 20.00, 0.00, 0.00, 'credit', 500000.00, 2, '01122222222', '01222222222', 'noor@hospital.com', 'شارع الجامعة، القاهرة', '2', 'مستشفى كبير', 1, '2026-06-20 10:00:00', '2026-06-27 10:00:00', 'manual', NULL),
(23, '23', 'صيدلية الحياة', 'El Hayat Pharmacy', 'company', 1, 15.00, 20.00, 0.00, 0.00, 'credit', 100000.00, 3, '01133333333', '01233333333', 'hayat@pharmacy.com', 'شارع النصر، الإسكندرية', '3', 'عميل جملة', 1, '2026-06-20 10:00:00', '2026-06-27 10:00:00', 'manual', NULL),
(24, '24', 'شركة الصحة الدوائية', 'El Seha Pharma Co.', 'company', 1, 15.00, 20.00, 0.00, 0.00, 'credit', 300000.00, 1, '01144444444', '01244444444', 'seha@company.com', 'المنطقة الصناعية الثانية', '1', '', 1, '2026-06-20 10:00:00', '2026-06-27 10:00:00', 'manual', NULL),
(25, '25', 'مستشفى السلام', 'El Salam Hospital', 'company', 1, 15.00, 20.00, 0.00, 0.00, 'credit', 400000.00, 4, '01155555555', '01255555555', 'salam@hospital.com', 'شارع السلام، الجيزة', '4', '', 1, '2026-06-20 10:00:00', '2026-06-27 10:00:00', 'manual', NULL),
-- Cost customers (employees)
(26, '26', 'موظف أحمد سامي', 'Employee Ahmed Samy', 'individual', 3, 0.00, 0.00, 0.00, 0.00, 'cash', 0.00, 1, '01012121212', NULL, 'employee1@nile.com', '29 نوال الدقي', '1', 'موظف شركة', 1, '2026-06-20 10:00:00', '2026-06-27 10:00:00', 'manual', NULL),
(27, '27', 'موظف فاطمة علي', 'Employee Fatma Ali', 'individual', 3, 0.00, 0.00, 0.00, 0.00, 'cash', 0.00, 2, '01023232323', NULL, 'employee2@nile.com', '29 نوال الدقي', '2', 'موظف فرع نوال', 1, '2026-06-20 10:00:00', '2026-06-27 10:00:00', 'manual', NULL),
(28, '28', 'موظف خالد محمود', 'Employee Khaled Mahmoud', 'individual', 3, 0.00, 0.00, 0.00, 0.00, 'cash', 0.00, 3, '01034343434', NULL, 'employee3@nile.com', '29 نوال الدقي', '3', 'موظف فرع مصدق', 1, '2026-06-20 10:00:00', '2026-06-27 10:00:00', 'manual', NULL),
(29, '29', 'موظف سارة عمر', 'Employee Sara Omar', 'individual', 3, 0.00, 0.00, 0.00, 0.00, 'cash', 0.00, 4, '01045454545', NULL, 'employee4@nile.com', '29 نوال الدقي', '4', 'موظف فرع صيد', 1, '2026-06-20 10:00:00', '2026-06-27 10:00:00', 'manual', NULL),
-- Inactive customers
(30, '30', 'عميل موقوف 1', 'Inactive Customer 1', 'individual', 2, 0.00, 0.00, 5.00, 10.00, 'cash', 0.00, 1, '01056565656', NULL, 'inactive1@email.com', 'عنوان غير معروف', '1', 'عميل موقوف', 0, '2026-06-20 10:00:00', '2026-06-27 10:00:00', 'manual', NULL),
(31, '31', 'عميل موقوف 2', 'Inactive Customer 2', 'company', 1, 15.00, 20.00, 0.00, 0.00, 'credit', 0.00, 2, '01067676767', NULL, 'inactive2@email.com', 'عنوان غير معروف', '2', 'عميل موقوف', 0, '2026-06-20 10:00:00', '2026-06-27 10:00:00', 'manual', NULL)
ON DUPLICATE KEY UPDATE customer_name=VALUES(customer_name), payment_type=VALUES(payment_type), credit_limit=VALUES(credit_limit);

-- =====================================================
-- 6. SUPPLIERS (50+ suppliers)
-- =====================================================
INSERT INTO `suppliers` (`id`, `supplier_code`, `supplier_name`, `phone`, `email`, `address`, `is_active`, `created_at`, `delivery_time`, `delivery_time_id`, `notes`, `source`, `estock_id`, `manual_code`, `supplier_name_en`, `supplier_type`, `payment_type`, `credit_limit`, `grace_period`, `return_policy`, `instapay_number`, `wallet_number`, `deleted_at`, `created_by`, `updated_at`) VALUES
(8, '8', 'مورد الأدوية المستوردة', '01200000001', 'imported@supplier.com', 'القاهرة', 1, '2026-06-20 10:00:00', 'أسبوع', 6, 'مورد أدوية مستوردة', 'manual', NULL, NULL, 'Imported Drugs Supplier', 'company', 'credit', 500000.00, 30, 'إرجاع خلال 30 يوم', '01000000001', '01000000001', NULL, 1, '2026-06-27 10:00:00'),
(9, '9', 'مورد المستلزمات الطبية 2', '01200000002', 'medical2@supplier.com', 'الإسكندرية', 1, '2026-06-20 10:00:00', 'نفس اليوم', 4, 'مورد مستلزمات', 'manual', NULL, NULL, 'Medical Supplies 2', 'company', 'cash', 0.00, 0, 'لا يوجد إرجاع', '01000000002', '01000000002', NULL, 1, '2026-06-27 10:00:00'),
(10, '10', 'مورد المستحضرات التجميلية', '01200000003', 'cosmetics@supplier.com', 'الجيزة', 1, '2026-06-20 10:00:00', '3-4 ساعات', 3, 'مورد تجميل', 'manual', NULL, NULL, 'Cosmetics Supplier', 'company', 'credit', 100000.00, 15, 'إرجاع خلال 15 يوم', '01000000003', '01000000003', NULL, 1, '2026-06-27 10:00:00'),
(11, '11', 'مورد الفيتامينات', '01200000004', 'vitamins@supplier.com', 'القاهرة', 1, '2026-06-20 10:00:00', 'يوم عمل', 5, 'مورد فيتامينات ومكملات', 'manual', NULL, NULL, 'Vitamins Supplier', 'company', 'credit', 200000.00, 20, 'إرجاع خلال 20 يوم', '01000000004', '01000000004', NULL, 1, '2026-06-27 10:00:00'),
(12, '12', 'مورد الأجهزة الطبية', '01200000005', 'devices@supplier.com', 'القاهرة', 1, '2026-06-20 10:00:00', 'أسبوع', 6, 'مورد أجهزة قياس', 'manual', NULL, NULL, 'Medical Devices Supplier', 'company', 'credit', 300000.00, 30, 'إرجاع خلال 30 يوم', '01000000005', '01000000005', NULL, 1, '2026-06-27 10:00:00'),
(13, '13', 'مورد B2B 1', '01200000006', 'b2b1@supplier.com', 'القاهرة', 1, '2026-06-20 10:00:00', 'نفس اليوم', 4, 'مورد B2B', 'manual', NULL, NULL, 'B2B Supplier 1', 'b2b', 'cash', 0.00, 0, '', '01000000006', '01000000006', NULL, 1, '2026-06-27 10:00:00'),
(14, '14', 'مورد B2B 2', '01200000007', 'b2b2@supplier.com', 'الجيزة', 1, '2026-06-20 10:00:00', 'ساعتين', 2, 'مورد B2B', 'manual', NULL, NULL, 'B2B Supplier 2', 'b2b', 'cash', 0.00, 0, '', '01000000007', '01000000007', NULL, 1, '2026-06-27 10:00:00'),
(15, '15', 'مورد موقوف 1', '01200000008', 'inactive@supplier.com', 'القاهرة', 0, '2026-06-20 10:00:00', 'نفس اليوم', 4, 'مورد موقوف', 'manual', NULL, NULL, 'Inactive Supplier 1', 'company', 'cash', 0.00, 0, '', '01000000008', '01000000008', NULL, 1, '2026-06-27 10:00:00'),
(16, '16', 'مورد محلي 1', '01200000009', 'local1@supplier.com', 'القاهرة', 1, '2026-06-20 10:00:00', 'ساعة', 1, 'مورد محلي', 'manual', NULL, NULL, 'Local Supplier 1', 'company', 'cash', 0.00, 0, '', '01000000009', '01000000009', NULL, 1, '2026-06-27 10:00:00'),
(17, '17', 'مورد محلي 2', '01200000010', 'local2@supplier.com', 'الجيزة', 1, '2026-06-20 10:00:00', 'ساعة', 1, 'مورد محلي', 'manual', NULL, NULL, 'Local Supplier 2', 'company', 'cash', 0.00, 0, '', '01000000010', '01000000010', NULL, 1, '2026-06-27 10:00:00')
ON DUPLICATE KEY UPDATE supplier_name=VALUES(supplier_name), is_active=VALUES(is_active);

-- =====================================================
-- 7. INVENTORY BATCHES (Batches for products in stores)
-- =====================================================
INSERT INTO `inventory_batches` (`id`, `batch_number`, `product_id`, `store_id`, `supplier_id`, `quantity`, `remaining_qty`, `buy_price`, `unit_cost`, `sell_price`, `discount_percent`, `vat_percent`, `exp_date`, `production_date`, `is_active`, `created_at`, `updated_at`) VALUES
(1, 'BATCH-001', 10, 1, 1, 500.000, 450.000, 30.00, 30.00, 45.00, 0.00, 14.00, '2027-12-31', '2026-01-01', 1, '2026-06-20 10:00:00', '2026-06-27 10:00:00'),
(2, 'BATCH-002', 10, 1, 1, 300.000, 280.000, 28.00, 28.00, 45.00, 0.00, 14.00, '2027-11-30', '2026-02-01', 1, '2026-06-20 10:00:00', '2026-06-27 10:00:00'),
(3, 'BATCH-003', 11, 1, 1, 400.000, 380.000, 55.00, 55.00, 85.00, 0.00, 14.00, '2027-10-31', '2026-03-01', 1, '2026-06-20 10:00:00', '2026-06-27 10:00:00'),
(4, 'BATCH-004', 16, 1, 2, 600.000, 550.000, 42.00, 42.00, 65.00, 0.00, 14.00, '2027-09-30', '2026-04-01', 1, '2026-06-20 10:00:00', '2026-06-27 10:00:00'),
(5, 'BATCH-005', 17, 1, 2, 800.000, 750.000, 48.00, 48.00, 75.00, 0.00, 14.00, '2027-08-31', '2026-05-01', 1, '2026-06-20 10:00:00', '2026-06-27 10:00:00'),
(6, 'BATCH-006', 24, 1, 1, 500.000, 480.000, 55.00, 55.00, 85.00, 0.00, 14.00, '2027-07-31', '2026-06-01', 1, '2026-06-20 10:00:00', '2026-06-27 10:00:00'),
(7, 'BATCH-007', 28, 1, 2, 1000.000, 950.000, 16.00, 16.00, 25.00, 0.00, 14.00, '2027-06-30', '2026-07-01', 1, '2026-06-20 10:00:00', '2026-06-27 10:00:00'),
(8, 'BATCH-008', 29, 1, 2, 1500.000, 1400.000, 11.00, 11.00, 18.00, 0.00, 14.00, '2027-05-31', '2026-08-01', 1, '2026-06-20 10:00:00', '2026-06-27 10:00:00'),
(9, 'BATCH-009', 36, 1, 1, 500.000, 480.000, 62.00, 62.00, 95.00, 0.00, 14.00, '2027-04-30', '2026-09-01', 1, '2026-06-20 10:00:00', '2026-06-27 10:00:00'),
(10, 'BATCH-010', 40, 1, 2, 400.000, 380.000, 35.00, 35.00, 65.00, 0.00, 14.00, '2027-03-31', '2026-10-01', 1, '2026-06-20 10:00:00', '2026-06-27 10:00:00'),
-- Branch stores batches
(11, 'BATCH-011', 10, 2, 1, 200.000, 180.000, 30.00, 30.00, 45.00, 0.00, 14.00, '2027-12-31', '2026-01-01', 1, '2026-06-20 10:00:00', '2026-06-27 10:00:00'),
(12, 'BATCH-012', 16, 2, 2, 150.000, 140.000, 42.00, 42.00, 65.00, 0.00, 14.00, '2027-09-30', '2026-04-01', 1, '2026-06-20 10:00:00', '2026-06-27 10:00:00'),
(13, 'BATCH-013', 28, 3, 2, 100.000, 95.000, 16.00, 16.00, 25.00, 0.00, 14.00, '2027-06-30', '2026-07-01', 1, '2026-06-20 10:00:00', '2026-06-27 10:00:00'),
(14, 'BATCH-014', 29, 3, 2, 200.000, 190.000, 11.00, 11.00, 18.00, 0.00, 14.00, '2027-05-31', '2026-08-01', 1, '2026-06-20 10:00:00', '2026-06-27 10:00:00'),
(15, 'BATCH-015', 17, 4, 2, 120.000, 110.000, 48.00, 48.00, 75.00, 0.00, 14.00, '2027-08-31', '2026-05-01', 1, '2026-06-20 10:00:00', '2026-06-27 10:00:00')
ON DUPLICATE KEY UPDATE batch_number=VALUES(batch_number);

-- =====================================================
-- 8. INVENTORY ITEMS (Stock levels in each store)
-- =====================================================
INSERT INTO `inventory_items` (`id`, `store_id`, `product_id`, `batch_id`, `quantity`, `unit_cost`, `sell_price`, `discount_percent`, `vat_percent`, `reorder_point`, `max_stock`, `is_active`, `created_at`, `updated_at`) VALUES
(1, 1, 10, 1, 450.000, 30.00, 45.00, 0.00, 14.00, 50.000, 1000.000, 1, '2026-06-20 10:00:00', '2026-06-27 10:00:00'),
(2, 1, 10, 2, 280.000, 28.00, 45.00, 0.00, 14.00, 50.000, 1000.000, 1, '2026-06-20 10:00:00', '2026-06-27 10:00:00'),
(3, 1, 11, 3, 380.000, 55.00, 85.00, 0.00, 14.00, 40.000, 800.000, 1, '2026-06-20 10:00:00', '2026-06-27 10:00:00'),
(4, 1, 16, 4, 550.000, 42.00, 65.00, 0.00, 14.00, 60.000, 1200.000, 1, '2026-06-20 10:00:00', '2026-06-27 10:00:00'),
(5, 1, 17, 5, 750.000, 48.00, 75.00, 0.00, 14.00, 80.000, 1500.000, 1, '2026-06-20 10:00:00', '2026-06-27 10:00:00'),
(6, 1, 24, 6, 480.000, 55.00, 85.00, 0.00, 14.00, 50.000, 1000.000, 1, '2026-06-20 10:00:00', '2026-06-27 10:00:00'),
(7, 1, 28, 7, 950.000, 16.00, 25.00, 0.00, 14.00, 100.000, 2000.000, 1, '2026-06-20 10:00:00', '2026-06-27 10:00:00'),
(8, 1, 29, 8, 1400.000, 11.00, 18.00, 0.00, 14.00, 150.000, 3000.000, 1, '2026-06-20 10:00:00', '2026-06-27 10:00:00'),
(9, 1, 36, 9, 480.000, 62.00, 95.00, 0.00, 14.00, 50.000, 1000.000, 1, '2026-06-20 10:00:00', '2026-06-27 10:00:00'),
(10, 1, 40, 10, 380.000, 35.00, 65.00, 0.00, 14.00, 40.000, 800.000, 1, '2026-06-20 10:00:00', '2026-06-27 10:00:00'),
(11, 2, 10, 11, 180.000, 30.00, 45.00, 0.00, 14.00, 20.000, 500.000, 1, '2026-06-20 10:00:00', '2026-06-27 10:00:00'),
(12, 2, 16, 12, 140.000, 42.00, 65.00, 0.00, 14.00, 15.000, 400.000, 1, '2026-06-20 10:00:00', '2026-06-27 10:00:00'),
(13, 3, 28, 13, 95.000, 16.00, 25.00, 0.00, 14.00, 10.000, 300.000, 1, '2026-06-20 10:00:00', '2026-06-27 10:00:00'),
(14, 3, 29, 14, 190.000, 11.00, 18.00, 0.00, 14.00, 20.000, 500.000, 1, '2026-06-20 10:00:00', '2026-06-27 10:00:00'),
(15, 4, 17, 15, 110.000, 48.00, 75.00, 0.00, 14.00, 12.000, 350.000, 1, '2026-06-20 10:00:00', '2026-06-27 10:00:00')
ON DUPLICATE KEY UPDATE quantity=VALUES(quantity);

-- =====================================================
-- 9. CUSTOMER BALANCES (Initialize for all customers)
-- =====================================================
INSERT INTO `customer_balances` (`id`, `customer_id`, `balance`, `total_invoices`, `total_payments`, `total_returns`, `last_transaction_date`, `updated_at`) VALUES
(11, 11, 0.00, 0.00, 0.00, 0.00, NULL, '2026-06-27 10:00:00'),
(12, 12, 0.00, 0.00, 0.00, 0.00, NULL, '2026-06-27 10:00:00'),
(13, 13, 0.00, 0.00, 0.00, 0.00, NULL, '2026-06-27 10:00:00'),
(14, 14, 0.00, 0.00, 0.00, 0.00, NULL, '2026-06-27 10:00:00'),
(15, 15, 0.00, 0.00, 0.00, 0.00, NULL, '2026-06-27 10:00:00'),
(16, 16, 0.00, 0.00, 0.00, 0.00, NULL, '2026-06-27 10:00:00'),
(17, 17, 0.00, 0.00, 0.00, 0.00, NULL, '2026-06-27 10:00:00'),
(18, 18, 0.00, 0.00, 0.00, 0.00, NULL, '2026-06-27 10:00:00'),
(19, 19, 0.00, 0.00, 0.00, 0.00, NULL, '2026-06-27 10:00:00'),
(20, 20, 0.00, 0.00, 0.00, 0.00, NULL, '2026-06-27 10:00:00'),
(21, 21, 0.00, 0.00, 0.00, 0.00, NULL, '2026-06-27 10:00:00'),
(22, 22, 0.00, 0.00, 0.00, 0.00, NULL, '2026-06-27 10:00:00'),
(23, 23, 0.00, 0.00, 0.00, 0.00, NULL, '2026-06-27 10:00:00'),
(24, 24, 0.00, 0.00, 0.00, 0.00, NULL, '2026-06-27 10:00:00'),
(25, 25, 0.00, 0.00, 0.00, 0.00, NULL, '2026-06-27 10:00:00'),
(26, 26, 0.00, 0.00, 0.00, 0.00, NULL, '2026-06-27 10:00:00'),
(27, 27, 0.00, 0.00, 0.00, 0.00, NULL, '2026-06-27 10:00:00'),
(28, 28, 0.00, 0.00, 0.00, 0.00, NULL, '2026-06-27 10:00:00'),
(29, 29, 0.00, 0.00, 0.00, 0.00, NULL, '2026-06-27 10:00:00'),
(30, 30, 0.00, 0.00, 0.00, 0.00, NULL, '2026-06-27 10:00:00'),
(31, 31, 0.00, 0.00, 0.00, 0.00, NULL, '2026-06-27 10:00:00')
ON DUPLICATE KEY UPDATE balance=0.00;

-- =====================================================
-- 10. SUPPLIER BALANCES (Initialize for all suppliers)
-- =====================================================
INSERT INTO `supplier_balances` (`id`, `supplier_id`, `balance`, `total_purchases`, `total_payments`, `total_returns`, `last_transaction_date`, `updated_at`) VALUES
(6, 8, 0.00, 0.00, 0.00, 0.00, NULL, '2026-06-27 10:00:00'),
(7, 9, 0.00, 0.00, 0.00, 0.00, NULL, '2026-06-27 10:00:00'),
(8, 10, 0.00, 0.00, 0.00, 0.00, NULL, '2026-06-27 10:00:00'),
(9, 11, 0.00, 0.00, 0.00, 0.00, NULL, '2026-06-27 10:00:00'),
(10, 12, 0.00, 0.00, 0.00, 0.00, NULL, '2026-06-27 10:00:00'),
(11, 13, 0.00, 0.00, 0.00, 0.00, NULL, '2026-06-27 10:00:00'),
(12, 14, 0.00, 0.00, 0.00, 0.00, NULL, '2026-06-27 10:00:00'),
(13, 15, 0.00, 0.00, 0.00, 0.00, NULL, '2026-06-27 10:00:00'),
(14, 16, 0.00, 0.00, 0.00, 0.00, NULL, '2026-06-27 10:00:00'),
(15, 17, 0.00, 0.00, 0.00, 0.00, NULL, '2026-06-27 10:00:00')
ON DUPLICATE KEY UPDATE balance=0.00;

SET FOREIGN_KEY_CHECKS = 1;



-- =====================================================
-- 11. CUSTOMER PHONES (Multiple phones per customer)
-- =====================================================
INSERT INTO `customer_phones` (`id`, `customer_id`, `country_code`, `phone_number`, `phone_type`, `is_primary`, `is_whatsapp`, `created_at`) VALUES
(7, 11, '+20', '01011111111', 'mobile', 1, 1, '2026-06-20 10:00:00'),
(8, 11, '+20', '01111111111', 'work', 0, 0, '2026-06-20 10:00:00'),
(9, 12, '+20', '01022222222', 'mobile', 1, 0, '2026-06-20 10:00:00'),
(10, 13, '+20', '01033333333', 'mobile', 1, 1, '2026-06-20 10:00:00'),
(11, 13, '+20', '01233333333', 'home', 0, 0, '2026-06-20 10:00:00'),
(12, 14, '+20', '01044444444', 'mobile', 1, 0, '2026-06-20 10:00:00'),
(13, 15, '+20', '01055555555', 'mobile', 1, 1, '2026-06-20 10:00:00'),
(14, 15, '+20', '01255555555', 'work', 0, 0, '2026-06-20 10:00:00'),
(15, 16, '+20', '01066666666', 'mobile', 1, 0, '2026-06-20 10:00:00'),
(16, 17, '+20', '01077777777', 'mobile', 1, 1, '2026-06-20 10:00:00'),
(17, 18, '+20', '01088888888', 'mobile', 1, 0, '2026-06-20 10:00:00'),
(18, 18, '+20', '01288888888', 'home', 0, 0, '2026-06-20 10:00:00'),
(19, 19, '+20', '01099999999', 'mobile', 1, 1, '2026-06-20 10:00:00'),
(20, 20, '+20', '01010101010', 'mobile', 1, 0, '2026-06-20 10:00:00'),
(21, 21, '+20', '01111111111', 'mobile', 1, 1, '2026-06-20 10:00:00'),
(22, 21, '+20', '01211111111', 'work', 0, 0, '2026-06-20 10:00:00'),
(23, 22, '+20', '01122222222', 'mobile', 1, 1, '2026-06-20 10:00:00'),
(24, 22, '+20', '01222222222', 'home', 0, 0, '2026-06-20 10:00:00'),
(25, 23, '+20', '01133333333', 'mobile', 1, 0, '2026-06-20 10:00:00'),
(26, 24, '+20', '01144444444', 'mobile', 1, 1, '2026-06-20 10:00:00'),
(27, 25, '+20', '01155555555', 'mobile', 1, 0, '2026-06-20 10:00:00')
ON DUPLICATE KEY UPDATE phone_number=VALUES(phone_number);

-- =====================================================
-- 12. CUSTOMER ADDRESSES (Multiple addresses per customer)
-- =====================================================
INSERT INTO `customer_addresses` (`id`, `customer_id`, `address_type`, `building_number`, `floor_number`, `apartment_number`, `street_name`, `landmark`, `area_id`, `governorate_id`, `delivery_zone_id`, `is_primary`, `is_active`, `created_at`) VALUES
(2, 11, 'home', '15', '3', '7', 'شارع التحرير', 'بجوار البنك الأهلي', 1, 1, 1, 1, 1, '2026-06-20 10:00:00'),
(3, 11, 'work', '22', '5', '12', 'شارع رمسيس', 'مبنى الأهرام', 7, 1, 2, 0, 1, '2026-06-20 10:00:00'),
(4, 13, 'home', '8', '2', '4', 'شارع الجمهورية', 'بجوار المسجد', 13, 2, 3, 1, 1, '2026-06-20 10:00:00'),
(5, 13, 'work', '45', '7', '15', 'شارع فيصل', 'برج النصر', 12, 2, 3, 0, 1, '2026-06-20 10:00:00'),
(6, 15, 'home', '12', '1', '3', 'شارع العروبة', 'بجوار المستشفى', 2, 1, 1, 1, 1, '2026-06-20 10:00:00'),
(7, 22, 'home', '30', '4', '10', 'شارع الجامعة', 'جامعة القاهرة', 3, 1, 2, 1, 1, '2026-06-20 10:00:00'),
(8, 22, 'work', '5', '1', '2', 'شارع الجامعة', 'مستشفى الجامعة', 3, 1, 2, 0, 1, '2026-06-20 10:00:00')
ON DUPLICATE KEY UPDATE street_name=VALUES(street_name);

-- =====================================================
-- 13. SUPPLIER PHONES (Multiple phones per supplier)
-- =====================================================
INSERT INTO `supplier_phones` (`id`, `supplier_id`, `country_code`, `phone_number`, `phone_type`, `is_primary`, `created_at`) VALUES
(12, 8, '+20', '01200000001', 'mobile', 1, '2026-06-20 10:00:00'),
(13, 8, '+20', '01200000002', 'landline', 0, '2026-06-20 10:00:00'),
(14, 9, '+20', '01200000003', 'mobile', 1, '2026-06-20 10:00:00'),
(15, 10, '+20', '01200000004', 'mobile', 1, '2026-06-20 10:00:00'),
(16, 10, '+20', '01200000005', 'whatsapp', 0, '2026-06-20 10:00:00'),
(17, 11, '+20', '01200000006', 'mobile', 1, '2026-06-20 10:00:00'),
(18, 12, '+20', '01200000007', 'mobile', 1, '2026-06-20 10:00:00'),
(19, 13, '+20', '01200000008', 'mobile', 1, '2026-06-20 10:00:00'),
(20, 14, '+20', '01200000009', 'mobile', 1, '2026-06-20 10:00:00'),
(21, 16, '+20', '01200000010', 'mobile', 1, '2026-06-20 10:00:00'),
(22, 17, '+20', '01200000011', 'mobile', 1, '2026-06-20 10:00:00')
ON DUPLICATE KEY UPDATE phone_number=VALUES(phone_number);

-- =====================================================
-- 14. SUPPLIER ADDRESSES (Multiple addresses per supplier)
-- =====================================================
INSERT INTO `supplier_addresses` (`id`, `supplier_id`, `address_type`, `building_number`, `floor_number`, `apartment_number`, `street_name`, `landmark`, `area_id`, `governorate_id`, `delivery_zone_id`, `is_primary`, `is_active`, `created_at`) VALUES
(1, 8, 'main', '10', '2', '5', 'شارع رمسيس', 'برج رمسيس', 7, 1, 2, 1, 1, '2026-06-20 10:00:00'),
(2, 8, 'warehouse', '25', '1', '1', 'المنطقة الصناعية', 'مستودع رئيسي', 13, 2, 3, 0, 1, '2026-06-20 10:00:00'),
(3, 9, 'main', '5', '3', '8', 'شارع الجمهورية', 'مبنى التجارة', 1, 1, 1, 1, 1, '2026-06-20 10:00:00'),
(4, 10, 'main', '15', '1', '2', 'شارع فيصل', 'بجوار المستشفى', 12, 2, 3, 1, 1, '2026-06-20 10:00:00'),
(5, 11, 'main', '20', '4', '10', 'شارع النصر', 'برج النصر', 3, 1, 2, 1, 1, '2026-06-20 10:00:00')
ON DUPLICATE KEY UPDATE street_name=VALUES(street_name);

-- =====================================================
-- 15. SUPPLIER CONTACTS (Multiple contacts per supplier)
-- =====================================================
INSERT INTO `supplier_contacts` (`id`, `supplier_id`, `contact_type`, `contact_name`, `job_title`, `phone`, `email`, `is_primary`, `notes`, `is_active`, `created_at`) VALUES
(1, 8, 'manager', 'أحمد السيد', 'مدير المبيعات', '01210000001', 'ahmed@supplier8.com', 1, 'المدير الرئيسي', 1, '2026-06-20 10:00:00'),
(2, 8, 'representative', 'محمد علي', 'مندوب مبيعات', '01210000002', 'mohamed@supplier8.com', 0, 'مندوب القاهرة', 1, '2026-06-20 10:00:00'),
(3, 9, 'manager', 'خالد محمود', 'مدير عام', '01210000003', 'khaled@supplier9.com', 1, '', 1, '2026-06-20 10:00:00'),
(4, 10, 'manager', 'سامي فؤاد', 'مدير المشتريات', '01210000004', 'sami@supplier10.com', 1, '', 1, '2026-06-20 10:00:00'),
(5, 11, 'distributor', 'عمر حسن', 'موزع', '01210000005', 'omar@supplier11.com', 1, 'موزع رئيسي', 1, '2026-06-20 10:00:00')
ON DUPLICATE KEY UPDATE contact_name=VALUES(contact_name);

-- =====================================================
-- 16. SUPPLIER BANK ACCOUNTS
-- =====================================================
INSERT INTO `supplier_bank_accounts` (`id`, `supplier_id`, `account_number`, `bank_name`, `iban`, `swift_code`, `branch_name`, `is_primary`, `is_active`, `created_at`) VALUES
(1, 8, '1234567890', 'البنك الأهلي المصري', 'EG123456789012345678901234567', 'NBEGEGCX', 'فرع رمسيس', 1, 1, '2026-06-20 10:00:00'),
(2, 8, '0987654321', 'بنك القاهرة', 'EG987654321098765432109876543', 'CAIEGCX', 'فرع الجمهورية', 0, 1, '2026-06-20 10:00:00'),
(3, 9, '1122334455', 'البنك التجاري الدولي', 'EG112233445566778899001122334', 'CIBEGCX', 'فرع النصر', 1, 1, '2026-06-20 10:00:00'),
(4, 10, '5566778899', 'بنك مصر', 'EG556677889900112233445566778', 'BMISGCX', 'فرع فيصل', 1, 1, '2026-06-20 10:00:00')
ON DUPLICATE KEY UPDATE account_number=VALUES(account_number);

-- =====================================================
-- 17. PRODUCT BARCODES (Multiple barcodes per product)
-- =====================================================
INSERT INTO `product_barcodes` (`id`, `product_id`, `barcode`, `unit_id`, `is_primary`, `created_at`) VALUES
(9, 10, '6223000010001', 1, 1, '2026-06-20 10:00:00'),
(10, 10, '6223000010002', 7, 0, '2026-06-20 10:00:00'),
(11, 11, '6223000020001', 1, 1, '2026-06-20 10:00:00'),
(12, 16, '6223000160001', 1, 1, '2026-06-20 10:00:00'),
(13, 17, '6223000170001', 1, 1, '2026-06-20 10:00:00'),
(14, 24, '6223000240001', 1, 1, '2026-06-20 10:00:00'),
(15, 28, '6223000280001', 1, 1, '2026-06-20 10:00:00'),
(16, 29, '6223000290001', 1, 1, '2026-06-20 10:00:00'),
(17, 36, '6223000360001', 1, 1, '2026-06-20 10:00:00'),
(18, 40, '6223000400001', 15, 1, '2026-06-20 10:00:00'),
(19, 61, '6223000610001', 7, 1, '2026-06-20 10:00:00'),
(20, 65, '6223000650001', 7, 1, '2026-06-20 10:00:00')
ON DUPLICATE KEY UPDATE barcode=VALUES(barcode);

-- =====================================================
-- 18. PRODUCT ALERTS
-- =====================================================
INSERT INTO `product_alerts` (`id`, `product_id`, `alert_type`, `alert_message`, `is_active`, `created_at`, `updated_at`) VALUES
(4, 21, 'HIGH_ALERT', 'HIGH ALERT - مخدر', 1, '2026-06-20 10:00:00', '2026-06-20 10:00:00'),
(5, 55, 'HIGH_ALERT', 'HIGH ALERT - مخدر', 1, '2026-06-20 10:00:00', '2026-06-20 10:00:00'),
(6, 57, 'HIGH_ALERT', 'HIGH ALERT - مخدر', 1, '2026-06-20 10:00:00', '2026-06-20 10:00:00'),
(7, 48, 'CONTRAINDICATION', 'CONTRAINDICATION - يحفظ في الثلاجة', 1, '2026-06-20 10:00:00', '2026-06-20 10:00:00'),
(8, 9, 'CONTRAINDICATION', 'CONTRAINDICATION - يحفظ في الثلاجة', 1, '2026-06-20 10:00:00', '2026-06-20 10:00:00'),
(9, 47, 'CONTRAINDICATION', 'CONTRAINDICATION - يحفظ في الثلاجة', 1, '2026-06-20 10:00:00', '2026-06-20 10:00:00')
ON DUPLICATE KEY UPDATE alert_message=VALUES(alert_message);

-- =====================================================
-- 19. PRODUCT PRICE HISTORY
-- =====================================================
INSERT INTO `product_price_history` (`id`, `product_id`, `old_sell_price`, `new_sell_price`, `old_cost_price`, `new_cost_price`, `changed_by`, `change_reason`, `created_at`) VALUES
(1, 10, 40.00, 45.00, 25.00, 30.00, 1, 'زيادة التكلفة', '2026-06-15 10:00:00'),
(2, 11, 75.00, 85.00, 50.00, 55.00, 1, 'زيادة التكلفة', '2026-06-15 10:00:00'),
(3, 16, 55.00, 65.00, 35.00, 42.00, 1, 'زيادة التكلفة', '2026-06-15 10:00:00'),
(4, 17, 65.00, 75.00, 40.00, 48.00, 1, 'زيادة التكلفة', '2026-06-15 10:00:00'),
(5, 28, 20.00, 25.00, 14.00, 16.00, 1, 'زيادة التكلفة', '2026-06-15 10:00:00')
ON DUPLICATE KEY UPDATE new_sell_price=VALUES(new_sell_price);

-- =====================================================
-- 20. CUSTOMER TRANSACTIONS (Sample transactions)
-- =====================================================
INSERT INTO `customer_transactions` (`id`, `customer_id`, `transaction_type`, `reference_type`, `reference_id`, `reference_number`, `debit`, `credit`, `balance_after`, `notes`, `created_by`, `created_at`) VALUES
(1, 13, 'invoice', 'invoice', 1, 'INV-20260001', 5000.00, 0.00, 5000.00, 'فاتورة مبيعات', 1, '2026-06-20 10:00:00'),
(2, 13, 'payment', 'payment', 1, 'PAY-20260001', 0.00, 2000.00, 3000.00, 'دفعة جزئية', 1, '2026-06-21 10:00:00'),
(3, 15, 'invoice', 'invoice', 2, 'INV-20260002', 8000.00, 0.00, 8000.00, 'فاتورة مبيعات', 1, '2026-06-22 10:00:00'),
(4, 15, 'payment', 'payment', 2, 'PAY-20260002', 0.00, 3000.00, 5000.00, 'دفعة جزئية', 1, '2026-06-23 10:00:00'),
(5, 21, 'invoice', 'invoice', 3, 'INV-20260003', 15000.00, 0.00, 15000.00, 'فاتورة جملة', 1, '2026-06-24 10:00:00'),
(6, 21, 'payment', 'payment', 3, 'PAY-20260003', 0.00, 5000.00, 10000.00, 'دفعة جزئية', 1, '2026-06-25 10:00:00'),
(7, 22, 'invoice', 'invoice', 4, 'INV-20260004', 25000.00, 0.00, 25000.00, 'فاتورة مستشفى', 1, '2026-06-26 10:00:00'),
(8, 22, 'payment', 'payment', 4, 'PAY-20260004', 0.00, 10000.00, 15000.00, 'دفعة جزئية', 1, '2026-06-27 10:00:00')
ON DUPLICATE KEY UPDATE debit=VALUES(debit);

-- =====================================================
-- 21. SUPPLIER TRANSACTIONS (Sample transactions)
-- =====================================================
INSERT INTO `supplier_transactions` (`id`, `supplier_id`, `transaction_type`, `reference_type`, `reference_id`, `reference_number`, `debit`, `credit`, `balance_after`, `notes`, `created_by`, `created_at`) VALUES
(1, 8, 'purchase', 'purchase_invoice', 1, 'PUR-20260001', 10000.00, 0.00, 10000.00, 'فاتورة مشتريات', 1, '2026-06-20 10:00:00'),
(2, 8, 'payment', 'payment', 1, 'PAY-SUP-001', 0.00, 5000.00, 5000.00, 'دفعة للمورد', 1, '2026-06-21 10:00:00'),
(3, 9, 'purchase', 'purchase_invoice', 2, 'PUR-20260002', 5000.00, 0.00, 5000.00, 'فاتورة مشتريات', 1, '2026-06-22 10:00:00'),
(4, 10, 'purchase', 'purchase_invoice', 3, 'PUR-20260003', 8000.00, 0.00, 8000.00, 'فاتورة مشتريات', 1, '2026-06-23 10:00:00'),
(5, 11, 'purchase', 'purchase_invoice', 4, 'PUR-20260004', 12000.00, 0.00, 12000.00, 'فاتورة مشتريات', 1, '2026-06-24 10:00:00')
ON DUPLICATE KEY UPDATE debit=VALUES(debit);

-- =====================================================
-- 22. SUPPLIER DUE PAYMENTS
-- =====================================================
INSERT INTO `supplier_due_payments` (`id`, `supplier_id`, `transaction_id`, `reference_number`, `amount`, `paid_amount`, `remaining_amount`, `due_type`, `due_date`, `cheque_number`, `bank_name`, `status`, `notes`, `created_by`, `created_at`, `updated_at`) VALUES
(1, 8, 1, 'PUR-20260001', 10000.00, 5000.00, 5000.00, 'credit', '2026-07-20', NULL, NULL, 'partial', 'دفعة جزئية', 1, '2026-06-20 10:00:00', '2026-06-27 10:00:00'),
(2, 9, 3, 'PUR-20260002', 5000.00, 0.00, 5000.00, 'credit', '2026-07-22', NULL, NULL, 'pending', 'مستحق الدفع', 1, '2026-06-22 10:00:00', '2026-06-27 10:00:00'),
(3, 10, 4, 'PUR-20260003', 8000.00, 0.00, 8000.00, 'cheque', '2026-07-23', 'CHQ-001', 'البنك الأهلي', 'pending', 'شيك مستحق', 1, '2026-06-23 10:00:00', '2026-06-27 10:00:00')
ON DUPLICATE KEY UPDATE amount=VALUES(amount);

-- =====================================================
-- 23. SUPPLIER PRICES (Product prices per supplier)
-- =====================================================
INSERT INTO `supplier_prices` (`id`, `product_id`, `product_code`, `supplier_id`, `supplier_price`, `notes`, `created_by`, `is_active`, `created_at`, `updated_at`, `sell_price`, `profit_margin`, `delivery_time_id`) VALUES
(1, 10, '10', 1, 30.00, 'سعر المورد الرئيسي', 1, 1, '2026-06-20 10:00:00', '2026-06-27 10:00:00', 45.00, 50.00, 4),
(2, 10, '10', 8, 28.00, 'سعر المورد المستورد', 1, 1, '2026-06-20 10:00:00', '2026-06-27 10:00:00', 45.00, 60.71, 6),
(3, 16, '16', 2, 42.00, 'سعر المورد الرئيسي', 1, 1, '2026-06-20 10:00:00', '2026-06-27 10:00:00', 65.00, 54.76, 4),
(4, 17, '17', 2, 48.00, 'سعر المورد الرئيسي', 1, 1, '2026-06-20 10:00:00', '2026-06-27 10:00:00', 75.00, 56.25, 4),
(5, 28, '28', 2, 16.00, 'سعر المورد الرئيسي', 1, 1, '2026-06-20 10:00:00', '2026-06-27 10:00:00', 25.00, 56.25, 4),
(6, 36, '36', 1, 62.00, 'سعر المورد الرئيسي', 1, 1, '2026-06-20 10:00:00', '2026-06-27 10:00:00', 95.00, 53.23, 4)
ON DUPLICATE KEY UPDATE supplier_price=VALUES(supplier_price);

-- =====================================================
-- 24. SUPPLIER PRODUCTS
-- =====================================================
INSERT INTO `supplier_products` (`id`, `supplier_id`, `product_id`, `product_code`, `purchase_price`, `discount_percent`, `vat_percent`, `net_price`, `last_purchase_date`, `is_default`, `notes`, `created_by`, `created_at`, `updated_at`) VALUES
(1, 1, 10, '10', 30.00, 0.00, 14.00, 34.20, '2026-06-20', 1, 'سعر افتراضي', 1, '2026-06-20 10:00:00', '2026-06-27 10:00:00'),
(2, 2, 16, '16', 42.00, 0.00, 14.00, 47.88, '2026-06-20', 1, 'سعر افتراضي', 1, '2026-06-20 10:00:00', '2026-06-27 10:00:00'),
(3, 2, 17, '17', 48.00, 0.00, 14.00, 54.72, '2026-06-20', 1, 'سعر افتراضي', 1, '2026-06-20 10:00:00', '2026-06-27 10:00:00'),
(4, 2, 28, '28', 16.00, 0.00, 14.00, 18.24, '2026-06-20', 1, 'سعر افتراضي', 1, '2026-06-20 10:00:00', '2026-06-27 10:00:00'),
(5, 1, 36, '36', 62.00, 0.00, 14.00, 70.68, '2026-06-20', 1, 'سعر افتراضي', 1, '2026-06-20 10:00:00', '2026-06-27 10:00:00')
ON DUPLICATE KEY UPDATE purchase_price=VALUES(purchase_price);

-- =====================================================
-- 25. INVENTORY TRANSACTIONS (Stock movements)
-- =====================================================
INSERT INTO `inventory_transactions` (`id`, `transaction_type`, `reference_type`, `reference_id`, `store_id`, `product_id`, `batch_id`, `unit_id`, `unit_conversion`, `quantity`, `quantity_base`, `unit_cost`, `unit_price`, `discount_percent`, `vat_percent`, `total_cost`, `total_price`, `notes`, `created_by`, `created_at`) VALUES
(2, 'opening_balance', 'opening_balance', 1, 1, 10, 1, 1, 1.000, 500.000, 500.000, 30.00, 45.00, 0.00, 14.00, 15000.00, 22500.00, 'رصيد افتتاحي', 1, '2026-06-20 10:00:00'),
(3, 'opening_balance', 'opening_balance', 1, 1, 16, 4, 1, 1.000, 600.000, 600.000, 42.00, 65.00, 0.00, 14.00, 25200.00, 39000.00, 'رصيد افتتاحي', 1, '2026-06-20 10:00:00'),
(4, 'opening_balance', 'opening_balance', 1, 1, 17, 5, 1, 1.000, 800.000, 800.000, 48.00, 75.00, 0.00, 14.00, 38400.00, 60000.00, 'رصيد افتتاحي', 1, '2026-06-20 10:00:00'),
(5, 'opening_balance', 'opening_balance', 1, 1, 28, 7, 1, 1.000, 1000.000, 1000.000, 16.00, 25.00, 0.00, 14.00, 16000.00, 25000.00, 'رصيد افتتاحي', 1, '2026-06-20 10:00:00'),
(6, 'opening_balance', 'opening_balance', 1, 1, 29, 8, 1, 1.000, 1500.000, 1500.000, 11.00, 18.00, 0.00, 14.00, 16500.00, 27000.00, 'رصيد افتتاحي', 1, '2026-06-20 10:00:00'),
(7, 'purchase', 'purchase_invoice', 1, 1, 10, 2, 1, 1.000, 300.000, 300.000, 28.00, 45.00, 0.00, 14.00, 8400.00, 13500.00, 'شراء من مورد', 1, '2026-06-21 10:00:00'),
(8, 'purchase', 'purchase_invoice', 2, 1, 11, 3, 1, 1.000, 400.000, 400.000, 55.00, 85.00, 0.00, 14.00, 22000.00, 34000.00, 'شراء من مورد', 1, '2026-06-22 10:00:00'),
(9, 'transfer_out', 'transfer_order', 2, 1, 10, 1, 1, 1.000, -200.000, -200.000, 30.00, 45.00, 0.00, 14.00, -6000.00, -9000.00, 'تحويل لفرع نوال', 1, '2026-06-23 10:00:00'),
(10, 'transfer_in', 'transfer_order', 2, 2, 10, 11, 1, 1.000, 200.000, 200.000, 30.00, 45.00, 0.00, 14.00, 6000.00, 9000.00, 'استلام من المخزن الرئيسي', 1, '2026-06-23 10:00:00')
ON DUPLICATE KEY UPDATE quantity=VALUES(quantity);

-- =====================================================
-- 26. INVENTORY TRANSFERS (More transfers with proper data)
-- =====================================================
INSERT INTO `inventory_transfers` (`id`, `transfer_code`, `from_store_id`, `to_store_id`, `from_branch_id`, `to_branch_id`, `transfer_type`, `status`, `total_items`, `total_quantity`, `total_cost`, `total_sell`, `notes`, `requested_by`, `approved_by`, `shipped_by`, `received_by`, `requested_at`, `approved_at`, `shipped_at`, `received_at`, `created_at`) VALUES
(2, 'TR-00002', 1, 2, NULL, 1, 'central_to_branch', 'received', 2, 350.000, 31200.00, 45500.00, 'تحويل للفرع الرئيسي', 1, 1, 1, 1, '2026-06-23 10:00:00', '2026-06-23 10:30:00', '2026-06-23 11:00:00', '2026-06-23 14:00:00', '2026-06-23 10:00:00'),
(3, 'TR-00003', 1, 3, NULL, 2, 'central_to_branch', 'shipped', 2, 295.000, 26600.00, 38750.00, 'تحويل لفرع نوال', 1, 1, 1, NULL, '2026-06-24 10:00:00', '2026-06-24 10:30:00', '2026-06-24 11:00:00', NULL, '2026-06-24 10:00:00'),
(4, 'TR-00004', 2, 1, 1, NULL, 'branch_to_central', 'pending', 1, 50.000, 2100.00, 3250.00, 'إرجاع للمخزن الرئيسي', 1, NULL, NULL, NULL, '2026-06-25 10:00:00', NULL, NULL, NULL, '2026-06-25 10:00:00')
ON DUPLICATE KEY UPDATE status=VALUES(status);

-- =====================================================
-- 27. INVENTORY TRANSFER ITEMS
-- =====================================================
INSERT INTO `inventory_transfer_items` (`id`, `transfer_id`, `product_id`, `batch_id`, `requested_qty`, `shipped_qty`, `received_qty`, `unit_id`, `unit_conversion`, `unit_cost`, `sell_price`, `total_cost`, `total_sell`, `notes`, `status`) VALUES
(2, 2, 16, 4, 150.000, 150.000, 150.000, 1, 1.000, 42.00, 65.00, 6300.00, 9750.00, '', 'received'),
(3, 2, 17, 5, 200.000, 200.000, 200.000, 1, 1.000, 48.00, 75.00, 9600.00, 15000.00, '', 'received'),
(4, 3, 28, 7, 100.000, 100.000, 0.000, 1, 1.000, 16.00, 25.00, 1600.00, 2500.00, '', 'shipped'),
(5, 3, 29, 8, 195.000, 195.000, 0.000, 1, 1.000, 11.00, 18.00, 2145.00, 3510.00, '', 'shipped'),
(6, 4, 16, 12, 50.000, 0.000, 0.000, 1, 1.000, 42.00, 65.00, 2100.00, 3250.00, 'إرجاع', 'pending')
ON DUPLICATE KEY UPDATE requested_qty=VALUES(requested_qty);

-- =====================================================
-- 28. STOCK ADJUSTMENTS (Fixed adjustment code)
-- =====================================================
UPDATE `stock_adjustments` SET `adjustment_code` = 'ADJ-00002' WHERE `id` = 2;

INSERT INTO `stock_adjustments` (`id`, `adjustment_code`, `store_id`, `adjustment_type`, `status`, `total_items`, `counted_items`, `total_variance_qty`, `total_variance_cost`, `counted_by`, `approved_by`, `counted_at`, `approved_at`, `notes`, `created_at`) VALUES
(3, 'ADJ-00003', 1, 'periodic', 'completed', 5, 5, 10.000, 350.00, 1, 1, '2026-06-26 10:00:00', '2026-06-26 12:00:00', 'جرد دوري', '2026-06-26 10:00:00'),
(4, 'ADJ-00004', 2, 'spot', 'draft', 0, 0, 0.000, 0.00, 1, NULL, '2026-06-27 10:00:00', NULL, 'جرد مفاجئ', '2026-06-27 10:00:00')
ON DUPLICATE KEY UPDATE adjustment_code=VALUES(adjustment_code);

-- =====================================================
-- 29. STOCK ADJUSTMENT ITEMS
-- =====================================================
INSERT INTO `stock_adjustment_items` (`id`, `adjustment_id`, `product_id`, `batch_id`, `system_qty`, `actual_qty`, `variance_qty`, `unit_cost`, `variance_cost`, `is_counted`, `counted_at`, `notes`) VALUES
(1, 3, 10, 1, 450.000, 455.000, 5.000, 30.00, 150.00, 1, '2026-06-26 10:00:00', 'زيادة في الجرد'),
(2, 3, 16, 4, 550.000, 545.000, -5.000, 42.00, -210.00, 1, '2026-06-26 10:00:00', 'نقص في الجرد'),
(3, 3, 28, 7, 950.000, 960.000, 10.000, 16.00, 160.00, 1, '2026-06-26 10:00:00', 'زيادة في الجرد'),
(4, 3, 29, 8, 1400.000, 1395.000, -5.000, 11.00, -55.00, 1, '2026-06-26 10:00:00', 'نقص في الجرد'),
(5, 3, 36, 9, 480.000, 485.000, 5.000, 62.00, 310.00, 1, '2026-06-26 10:00:00', 'زيادة في الجرد')
ON DUPLICATE KEY UPDATE system_qty=VALUES(system_qty);

-- =====================================================
-- 30. ORDERS (More orders with different statuses)
-- =====================================================
INSERT INTO `orders` (`id`, `order_number`, `customer_id`, `customer_code`, `customer_name`, `customer_phone`, `customer_phone2`, `customer_address`, `branch_code`, `order_date`, `priority`, `status_id`, `total_items`, `notes`, `created_by`, `created_at`, `updated_by`, `updated_at`, `total_discount_type`, `total_discount_value`, `final_total`) VALUES
(26, '20260007', 11, '11', 'محمد أحمد علي', '01011111111', '', 'شارع التحرير، القاهرة', '1', '2026-06-20 10:00:00', 'normal', 1, 2, '', 1, '2026-06-20 10:00:00', NULL, NULL, '', 0.00, 150.00),
(27, '20260008', 13, '13', 'أحمد سعيد إبراهيم', '01033333333', '01233333333', 'شارع الجمهورية، الجيزة', '1', '2026-06-21 10:00:00', 'urgent', 2, 3, 'طلب عاجل', 1, '2026-06-21 10:00:00', 1, '2026-06-21 12:00:00', 'percentage', 5.00, 285.00),
(28, '20260009', 21, '21', 'شركة الأمل للأدوية', '01111111111', '01211111111', 'المنطقة الصناعية، القاهرة', '1', '2026-06-22 10:00:00', 'normal', 1, 5, 'طلب جملة', 1, '2026-06-22 10:00:00', NULL, NULL, '', 0.00, 2500.00),
(29, '20260010', 22, '22', 'مستشفى النور', '01122222222', '01222222222', 'شارع الجامعة، القاهرة', '2', '2026-06-23 10:00:00', 'critical', 1, 8, 'طلب مستشفى', 1, '2026-06-23 10:00:00', NULL, NULL, 'fixed', 500.00, 8000.00),
(30, '20260011', 15, '15', 'خالد عمر فؤاد', '01055555555', '01255555555', 'شارع العروبة، القاهرة', '2', '2026-06-24 10:00:00', 'normal', 3, 1, '', 1, '2026-06-24 10:00:00', 1, '2026-06-24 14:00:00', '', 0.00, 75.00),
(31, '20260012', 26, '26', 'موظف أحمد سامي', '01012121212', '', '29 نوال الدقي', '1', '2026-06-25 10:00:00', 'normal', 4, 1, 'طلب موظف', 1, '2026-06-25 10:00:00', NULL, NULL, '', 0.00, 45.00),
(32, '20260013', 30, '30', 'عميل موقوف 1', '01056565656', '', 'عنوان غير معروف', '1', '2026-06-26 10:00:00', 'normal', 1, 1, '', 1, '2026-06-26 10:00:00', NULL, NULL, '', 0.00, 25.00)
ON DUPLICATE KEY UPDATE customer_name=VALUES(customer_name);

-- =====================================================
-- 31. ORDER ITEMS
-- =====================================================
INSERT INTO `order_items` (`id`, `order_id`, `product_id`, `product_code`, `product_name`, `quantity`, `notes`, `created_at`, `unit_price`, `discount_type`, `discount_value`, `final_price`, `is_manual`, `needs_purchase`, `is_manual_product`, `manual_product_name`, `supplier_name`, `supplier_phone`, `delivery_time`, `purchased_at`, `purchased_by`, `updated_at`) VALUES
(43, 26, 10, '10', 'ميتفورمين 500 مجم 30 قرص', 2, '', '2026-06-20 10:00:00', 45.00, '', 0.00, 90.00, 0, 0, 0, NULL, NULL, NULL, NULL, NULL, NULL, '2026-06-27 10:00:00'),
(44, 26, 28, '28', 'بروفين 400 مجم 20 قرص', 3, '', '2026-06-20 10:00:00', 25.00, '', 0.00, 75.00, 0, 0, 0, NULL, NULL, NULL, NULL, NULL, NULL, '2026-06-27 10:00:00'),
(45, 27, 16, '16', 'كونكور 5 مجم 30 قرص', 2, 'طلب عاجل', '2026-06-21 10:00:00', 65.00, 'percentage', 5.00, 123.50, 0, 0, 0, NULL, NULL, NULL, NULL, NULL, NULL, '2026-06-27 10:00:00'),
(46, 27, 17, '17', 'نورفاسك 5 مجم 30 قرص', 2, '', '2026-06-21 10:00:00', 75.00, 'percentage', 5.00, 142.50, 0, 0, 0, NULL, NULL, NULL, NULL, NULL, NULL, '2026-06-27 10:00:00'),
(47, 27, 29, '29', 'بنادول أزرق 500 مجم 24 قرص', 1, '', '2026-06-21 10:00:00', 18.00, '', 0.00, 18.00, 0, 0, 0, NULL, NULL, NULL, NULL, NULL, NULL, '2026-06-27 10:00:00'),
(48, 28, 10, '10', 'ميتفورمين 500 مجم 30 قرص', 20, 'طلب جملة', '2026-06-22 10:00:00', 38.25, 'percentage', 15.00, 765.00, 0, 0, 0, NULL, NULL, NULL, NULL, NULL, NULL, '2026-06-27 10:00:00'),
(49, 28, 16, '16', 'كونكور 5 مجم 30 قرص', 15, '', '2026-06-22 10:00:00', 55.25, 'percentage', 15.00, 828.75, 0, 0, 0, NULL, NULL, NULL, NULL, NULL, NULL, '2026-06-27 10:00:00'),
(50, 28, 28, '28', 'بروفين 400 مجم 20 قرص', 30, '', '2026-06-22 10:00:00', 21.25, 'percentage', 15.00, 637.50, 0, 0, 0, NULL, NULL, NULL, NULL, NULL, NULL, '2026-06-27 10:00:00'),
(51, 29, 24, '24', 'أوجمنتين 1جم 14 قرص', 50, 'طلب مستشفى', '2026-06-23 10:00:00', 72.25, 'fixed', 500.00, 3612.50, 0, 0, 0, NULL, NULL, NULL, NULL, NULL, NULL, '2026-06-27 10:00:00'),
(52, 29, 36, '36', 'نكسيوم 40 مجم 14 قرص', 40, '', '2026-06-23 10:00:00', 80.75, 'fixed', 500.00, 3230.00, 0, 0, 0, NULL, NULL, NULL, NULL, NULL, NULL, '2026-06-27 10:00:00'),
(53, 30, 17, '17', 'نورفاسك 5 مجم 30 قرص', 1, '', '2026-06-24 10:00:00', 75.00, '', 0.00, 75.00, 0, 0, 0, NULL, NULL, NULL, NULL, NULL, NULL, '2026-06-27 10:00:00'),
(54, 31, 10, '10', 'ميتفورمين 500 مجم 30 قرص', 1, 'طلب موظف', '2026-06-25 10:00:00', 45.00, '', 0.00, 45.00, 0, 0, 0, NULL, NULL, NULL, NULL, NULL, NULL, '2026-06-27 10:00:00'),
(55, 32, 28, '28', 'بروفين 400 مجم 20 قرص', 1, '', '2026-06-26 10:00:00', 25.00, '', 0.00, 25.00, 0, 0, 0, NULL, NULL, NULL, NULL, NULL, NULL, '2026-06-27 10:00:00')
ON DUPLICATE KEY UPDATE product_name=VALUES(product_name);

-- =====================================================
-- 32. PURCHASED ITEMS
-- =====================================================
INSERT INTO `purchased_items` (`id`, `order_item_id`, `supplier_id`, `supplier_price`, `sell_price`, `profit_margin`, `quantity`, `total_cost`, `total_sell`, `profit`, `notes`, `purchased_by`, `purchased_at`) VALUES
(5, 43, 1, 30.00, 45.00, 50.00, 2, 60.00, 90.00, 30.00, '', 1, '2026-06-20 10:00:00'),
(6, 44, 2, 16.00, 25.00, 56.25, 3, 48.00, 75.00, 27.00, '', 1, '2026-06-20 10:00:00'),
(7, 45, 2, 42.00, 65.00, 54.76, 2, 84.00, 130.00, 46.00, '', 1, '2026-06-21 10:00:00'),
(8, 48, 1, 30.00, 38.25, 27.50, 20, 600.00, 765.00, 165.00, 'خصم جملة', 1, '2026-06-22 10:00:00')
ON DUPLICATE KEY UPDATE supplier_price=VALUES(supplier_price);

-- =====================================================
-- 33. ACTIVITY LOGS
-- =====================================================
INSERT INTO `activity_logs` (`id`, `user_id`, `user_name`, `action`, `table_name`, `record_id`, `old_value`, `new_value`, `ip_address`, `created_at`) VALUES
(108, 1, 'System Administrator', 'create', 'products', 100, NULL, '{"product_code":"100"}', '26.201.9.238', '2026-06-27 10:00:00'),
(109, 1, 'System Administrator', 'create', 'customers', 31, NULL, '{"customer_code":"31"}', '26.201.9.238', '2026-06-27 10:00:00'),
(110, 1, 'System Administrator', 'create', 'suppliers', 17, NULL, '{"supplier_code":"17"}', '26.201.9.238', '2026-06-27 10:00:00'),
(111, 1, 'System Administrator', 'create', 'inventory_transfers', 4, NULL, '{"transfer_code":"TR-00004"}', '26.201.9.238', '2026-06-27 10:00:00'),
(112, 1, 'System Administrator', 'update', 'stock_adjustments', 3, '{"status":"draft"}', '{"status":"completed"}', '26.201.9.238', '2026-06-27 10:00:00')
ON DUPLICATE KEY UPDATE new_value=VALUES(new_value);

-- =====================================================
-- 34. SHIFT HANDOVERS
-- =====================================================
INSERT INTO `shift_handovers` (`id`, `shift_date`, `from_user`, `to_user`, `open_orders_count`, `urgent_orders_count`, `critical_notes`, `general_notes`, `is_acknowledged`, `acknowledged_at`, `created_at`) VALUES
(1, '2026-06-27', 1, 3, 5, 2, 'طلبات عاجلة تحتاج متابعة', 'التسليمات المعلقة', 1, '2026-06-27 08:00:00', '2026-06-27 07:00:00'),
(2, '2026-06-27', 3, 4, 3, 1, 'متابعة طلب مستشفى النور', 'الوردية المسائية', 0, NULL, '2026-06-27 15:00:00')
ON DUPLICATE KEY UPDATE open_orders_count=VALUES(open_orders_count);

SET FOREIGN_KEY_CHECKS = 1;


